{
    "title":       "JLPT",
    "author":      "stephenmk",
    "sequenced":   false,
    "format":      3,
    "url":         "https://github.com/stephenmk/yomitan-jlpt-vocab",
    "isUpdatable": true,
    "indexUrl":    "https://raw.githubusercontent.com/stephenmk/yomitan-jlpt-vocab/refs/heads/main/yomitan-jlpt-vocab/index.json",
    "downloadUrl": "https://github.com/stephenmk/yomitan-jlpt-vocab/releases/latest/download/jlpt.zip",
    "description": "Jonathan Waller's infamous JLPT vocabulary list converted to a tag bank for Yomitan.",
    "attribution": "© CC BY-SA 4.0 Stephen Kraus 2021-2025\n\nYou are free to use, modify, and redistribute these files under the terms of the Creative Commons Attribution-ShareAlike License (V4.0)",
    "revision":    "2025.01.01.0"
}
