[
	["会う", "freq", {"reading": "あう", "frequency": {"value": 5, "displayValue": "N5"}}],
	["青", "freq", {"reading": "あお", "frequency": {"value": 5, "displayValue": "N5"}}],
	["青い", "freq", {"reading": "あおい", "frequency": {"value": 5, "displayValue": "N5"}}],
	["赤", "freq", {"reading": "あか", "frequency": {"value": 5, "displayValue": "N5"}}],
	["赤い", "freq", {"reading": "あかい", "frequency": {"value": 5, "displayValue": "N5"}}],
	["明るい", "freq", {"reading": "あかるい", "frequency": {"value": 5, "displayValue": "N5"}}],
	["秋", "freq", {"reading": "あき", "frequency": {"value": 5, "displayValue": "N5"}}],
	["開く", "freq", {"reading": "あく", "frequency": {"value": 5, "displayValue": "N5"}}],
	["開ける", "freq", {"reading": "あける", "frequency": {"value": 5, "displayValue": "N5"}}],
	["上げる", "freq", {"reading": "あげる", "frequency": {"value": 5, "displayValue": "N5"}}],
	["朝", "freq", {"reading": "あさ", "frequency": {"value": 5, "displayValue": "N5"}}],
	["朝ご飯", "freq", {"reading": "あさごはん", "frequency": {"value": 5, "displayValue": "N5"}}],
	["朝ごはん", "freq", {"reading": "あさごはん", "frequency": {"value": 5, "displayValue": "N5"}}],
	["朝御飯", "freq", {"reading": "あさごはん", "frequency": {"value": 5, "displayValue": "N5"}}],
	["明後日", "freq", {"reading": "あさって", "frequency": {"value": 5, "displayValue": "N5"}}],
	["足", "freq", {"reading": "あし", "frequency": {"value": 5, "displayValue": "N5"}}],
	["明日", "freq", {"reading": "あした", "frequency": {"value": 5, "displayValue": "N5"}}],
	["あそこ", "freq", {"reading": "あそこ", "frequency": {"value": 5, "displayValue": "N5"}}],
	["遊ぶ", "freq", {"reading": "あそぶ", "frequency": {"value": 5, "displayValue": "N5"}}],
	["暖かい", "freq", {"reading": "あたたかい", "frequency": {"value": 5, "displayValue": "N5"}}],
	["頭", "freq", {"reading": "あたま", "frequency": {"value": 5, "displayValue": "N5"}}],
	["新しい", "freq", {"reading": "あたらしい", "frequency": {"value": 5, "displayValue": "N5"}}],
	["あちら", "freq", {"reading": "あちら", "frequency": {"value": 5, "displayValue": "N5"}}],
	["暑い", "freq", {"reading": "あつい", "frequency": {"value": 5, "displayValue": "N5"}}],
	["熱い", "freq", {"reading": "あつい", "frequency": {"value": 5, "displayValue": "N5"}}],
	["厚い", "freq", {"reading": "あつい", "frequency": {"value": 5, "displayValue": "N5"}}],
	["あっち", "freq", {"reading": "あっち", "frequency": {"value": 5, "displayValue": "N5"}}],
	["後", "freq", {"reading": "あと", "frequency": {"value": 5, "displayValue": "N5"}}],
	["貴方", "freq", {"reading": "あなた", "frequency": {"value": 5, "displayValue": "N5"}}],
	["兄", "freq", {"reading": "あに", "frequency": {"value": 5, "displayValue": "N5"}}],
	["姉", "freq", {"reading": "あね", "frequency": {"value": 5, "displayValue": "N5"}}],
	["あの", "freq", {"reading": "あの", "frequency": {"value": 5, "displayValue": "N5"}}],
	["アパート", "freq", {"reading": "アパート", "frequency": {"value": 5, "displayValue": "N5"}}],
	["浴びる", "freq", {"reading": "あびる", "frequency": {"value": 5, "displayValue": "N5"}}],
	["危ない", "freq", {"reading": "あぶない", "frequency": {"value": 5, "displayValue": "N5"}}],
	["甘い", "freq", {"reading": "あまい", "frequency": {"value": 5, "displayValue": "N5"}}],
	["余り", "freq", {"reading": "あまり", "frequency": {"value": 5, "displayValue": "N5"}}],
	["雨", "freq", {"reading": "あめ", "frequency": {"value": 5, "displayValue": "N5"}}],
	["飴", "freq", {"reading": "あめ", "frequency": {"value": 5, "displayValue": "N5"}}],
	["洗う", "freq", {"reading": "あらう", "frequency": {"value": 5, "displayValue": "N5"}}],
	["有る", "freq", {"reading": "ある", "frequency": {"value": 5, "displayValue": "N5"}}],
	["歩く", "freq", {"reading": "あるく", "frequency": {"value": 5, "displayValue": "N5"}}],
	["あれ", "freq", {"reading": "あれ", "frequency": {"value": 5, "displayValue": "N5"}}],
	["いい", "freq", {"reading": "いい", "frequency": {"value": 5, "displayValue": "N5"}}],
	["良い", "freq", {"reading": "よい", "frequency": {"value": 5, "displayValue": "N5"}}],
	["いいえ", "freq", {"reading": "いいえ", "frequency": {"value": 5, "displayValue": "N5"}}],
	["言う", "freq", {"reading": "いう", "frequency": {"value": 5, "displayValue": "N5"}}],
	["家", "freq", {"reading": "いえ", "frequency": {"value": 5, "displayValue": "N5"}}],
	["如何", "freq", {"reading": "いかが", "frequency": {"value": 5, "displayValue": "N5"}}],
	["行く", "freq", {"reading": "いく", "frequency": {"value": 5, "displayValue": "N5"}}],
	["幾つ", "freq", {"reading": "いくつ", "frequency": {"value": 5, "displayValue": "N5"}}],
	["幾ら", "freq", {"reading": "いくら", "frequency": {"value": 5, "displayValue": "N5"}}],
	["池", "freq", {"reading": "いけ", "frequency": {"value": 5, "displayValue": "N5"}}],
	["医者", "freq", {"reading": "いしゃ", "frequency": {"value": 5, "displayValue": "N5"}}],
	["椅子", "freq", {"reading": "いす", "frequency": {"value": 5, "displayValue": "N5"}}],
	["忙しい", "freq", {"reading": "いそがしい", "frequency": {"value": 5, "displayValue": "N5"}}],
	["痛い", "freq", {"reading": "いたい", "frequency": {"value": 5, "displayValue": "N5"}}],
	["一", "freq", {"reading": "いち", "frequency": {"value": 5, "displayValue": "N5"}}],
	["一日", "freq", {"reading": "いちにち", "frequency": {"value": 5, "displayValue": "N5"}}],
	["一番", "freq", {"reading": "いちばん", "frequency": {"value": 5, "displayValue": "N5"}}],
	["何時", "freq", {"reading": "いつ", "frequency": {"value": 5, "displayValue": "N5"}}],
	["５日", "freq", {"reading": "いつか", "frequency": {"value": 5, "displayValue": "N5"}}],
	["五日", "freq", {"reading": "いつか", "frequency": {"value": 5, "displayValue": "N5"}}],
	["一緒", "freq", {"reading": "いっしょ", "frequency": {"value": 5, "displayValue": "N5"}}],
	["五つ", "freq", {"reading": "いつつ", "frequency": {"value": 5, "displayValue": "N5"}}],
	["何時も", "freq", {"reading": "いつも", "frequency": {"value": 5, "displayValue": "N5"}}],
	["犬", "freq", {"reading": "いぬ", "frequency": {"value": 5, "displayValue": "N5"}}],
	["今", "freq", {"reading": "いま", "frequency": {"value": 5, "displayValue": "N5"}}],
	["意味", "freq", {"reading": "いみ", "frequency": {"value": 5, "displayValue": "N5"}}],
	["妹", "freq", {"reading": "いもうと", "frequency": {"value": 5, "displayValue": "N5"}}],
	["嫌", "freq", {"reading": "いや", "frequency": {"value": 5, "displayValue": "N5"}}],
	["入り口", "freq", {"reading": "いりぐち", "frequency": {"value": 5, "displayValue": "N5"}}],
	["入口", "freq", {"reading": "いりぐち", "frequency": {"value": 5, "displayValue": "N5"}}],
	["居る", "freq", {"reading": "いる", "frequency": {"value": 5, "displayValue": "N5"}}],
	["要る", "freq", {"reading": "いる", "frequency": {"value": 5, "displayValue": "N5"}}],
	["入れる", "freq", {"reading": "いれる", "frequency": {"value": 5, "displayValue": "N5"}}],
	["色", "freq", {"reading": "いろ", "frequency": {"value": 5, "displayValue": "N5"}}],
	["色々", "freq", {"reading": "いろいろ", "frequency": {"value": 5, "displayValue": "N5"}}],
	["上", "freq", {"reading": "うえ", "frequency": {"value": 5, "displayValue": "N5"}}],
	["後ろ", "freq", {"reading": "うしろ", "frequency": {"value": 5, "displayValue": "N5"}}],
	["薄い", "freq", {"reading": "うすい", "frequency": {"value": 5, "displayValue": "N5"}}],
	["歌", "freq", {"reading": "うた", "frequency": {"value": 5, "displayValue": "N5"}}],
	["歌う", "freq", {"reading": "うたう", "frequency": {"value": 5, "displayValue": "N5"}}],
	["生まれる", "freq", {"reading": "うまれる", "frequency": {"value": 5, "displayValue": "N5"}}],
	["海", "freq", {"reading": "うみ", "frequency": {"value": 5, "displayValue": "N5"}}],
	["売る", "freq", {"reading": "うる", "frequency": {"value": 5, "displayValue": "N5"}}],
	["煩い", "freq", {"reading": "うるさい", "frequency": {"value": 5, "displayValue": "N5"}}],
	["上着", "freq", {"reading": "うわぎ", "frequency": {"value": 5, "displayValue": "N5"}}],
	["絵", "freq", {"reading": "え", "frequency": {"value": 5, "displayValue": "N5"}}],
	["映画", "freq", {"reading": "えいが", "frequency": {"value": 5, "displayValue": "N5"}}],
	["映画館", "freq", {"reading": "えいがかん", "frequency": {"value": 5, "displayValue": "N5"}}],
	["英語", "freq", {"reading": "えいご", "frequency": {"value": 5, "displayValue": "N5"}}],
	["ええ", "freq", {"reading": "ええ", "frequency": {"value": 5, "displayValue": "N5"}}],
	["駅", "freq", {"reading": "えき", "frequency": {"value": 5, "displayValue": "N5"}}],
	["エレベーター", "freq", {"reading": "エレベーター", "frequency": {"value": 5, "displayValue": "N5"}}],
	["鉛筆", "freq", {"reading": "えんぴつ", "frequency": {"value": 5, "displayValue": "N5"}}],
	["美味しい", "freq", {"reading": "おいしい", "frequency": {"value": 5, "displayValue": "N5"}}],
	["多い", "freq", {"reading": "おおい", "frequency": {"value": 5, "displayValue": "N5"}}],
	["大きい", "freq", {"reading": "おおきい", "frequency": {"value": 5, "displayValue": "N5"}}],
	["大きな", "freq", {"reading": "おおきな", "frequency": {"value": 5, "displayValue": "N5"}}],
	["大勢", "freq", {"reading": "おおぜい", "frequency": {"value": 5, "displayValue": "N5"}}],
	["お母さん", "freq", {"reading": "おかあさん", "frequency": {"value": 5, "displayValue": "N5"}}],
	["お菓子", "freq", {"reading": "おかし", "frequency": {"value": 5, "displayValue": "N5"}}],
	["お金", "freq", {"reading": "おかね", "frequency": {"value": 5, "displayValue": "N5"}}],
	["起きる", "freq", {"reading": "おきる", "frequency": {"value": 5, "displayValue": "N5"}}],
	["置く", "freq", {"reading": "おく", "frequency": {"value": 5, "displayValue": "N5"}}],
	["奥さん", "freq", {"reading": "おくさん", "frequency": {"value": 5, "displayValue": "N5"}}],
	["お酒", "freq", {"reading": "おさけ", "frequency": {"value": 5, "displayValue": "N5"}}],
	["お皿", "freq", {"reading": "おさら", "frequency": {"value": 5, "displayValue": "N5"}}],
	["お祖父さん", "freq", {"reading": "おじいさん", "frequency": {"value": 5, "displayValue": "N5"}}],
	["教える", "freq", {"reading": "おしえる", "frequency": {"value": 5, "displayValue": "N5"}}],
	["伯父さん", "freq", {"reading": "おじさん", "frequency": {"value": 5, "displayValue": "N5"}}],
	["叔父さん", "freq", {"reading": "おじさん", "frequency": {"value": 5, "displayValue": "N5"}}],
	["小父さん", "freq", {"reading": "おじさん", "frequency": {"value": 5, "displayValue": "N5"}}],
	["押す", "freq", {"reading": "おす", "frequency": {"value": 5, "displayValue": "N5"}}],
	["遅い", "freq", {"reading": "おそい", "frequency": {"value": 5, "displayValue": "N5"}}],
	["お茶", "freq", {"reading": "おちゃ", "frequency": {"value": 5, "displayValue": "N5"}}],
	["お手洗い", "freq", {"reading": "おてあらい", "frequency": {"value": 5, "displayValue": "N5"}}],
	["お父さん", "freq", {"reading": "おとうさん", "frequency": {"value": 5, "displayValue": "N5"}}],
	["弟", "freq", {"reading": "おとうと", "frequency": {"value": 5, "displayValue": "N5"}}],
	["男", "freq", {"reading": "おとこ", "frequency": {"value": 5, "displayValue": "N5"}}],
	["男の子", "freq", {"reading": "おとこのこ", "frequency": {"value": 5, "displayValue": "N5"}}],
	["一昨日", "freq", {"reading": "おととい", "frequency": {"value": 5, "displayValue": "N5"}}],
	["一昨年", "freq", {"reading": "おととし", "frequency": {"value": 5, "displayValue": "N5"}}],
	["大人", "freq", {"reading": "おとな", "frequency": {"value": 5, "displayValue": "N5"}}],
	["お腹", "freq", {"reading": "おなか", "frequency": {"value": 5, "displayValue": "N5"}}],
	["同じ", "freq", {"reading": "おなじ", "frequency": {"value": 5, "displayValue": "N5"}}],
	["お兄さん", "freq", {"reading": "おにいさん", "frequency": {"value": 5, "displayValue": "N5"}}],
	["お姉さん", "freq", {"reading": "おねえさん", "frequency": {"value": 5, "displayValue": "N5"}}],
	["お祖母さん", "freq", {"reading": "おばあさん", "frequency": {"value": 5, "displayValue": "N5"}}],
	["伯母さん", "freq", {"reading": "おばさん", "frequency": {"value": 5, "displayValue": "N5"}}],
	["お風呂", "freq", {"reading": "おふろ", "frequency": {"value": 5, "displayValue": "N5"}}],
	["お弁当", "freq", {"reading": "おべんとう", "frequency": {"value": 5, "displayValue": "N5"}}],
	["覚える", "freq", {"reading": "おぼえる", "frequency": {"value": 5, "displayValue": "N5"}}],
	["お巡りさん", "freq", {"reading": "おまわりさん", "frequency": {"value": 5, "displayValue": "N5"}}],
	["重い", "freq", {"reading": "おもい", "frequency": {"value": 5, "displayValue": "N5"}}],
	["面白い", "freq", {"reading": "おもしろい", "frequency": {"value": 5, "displayValue": "N5"}}],
	["泳ぐ", "freq", {"reading": "およぐ", "frequency": {"value": 5, "displayValue": "N5"}}],
	["降りる", "freq", {"reading": "おりる", "frequency": {"value": 5, "displayValue": "N5"}}],
	["終わる", "freq", {"reading": "おわる", "frequency": {"value": 5, "displayValue": "N5"}}],
	["音楽", "freq", {"reading": "おんがく", "frequency": {"value": 5, "displayValue": "N5"}}],
	["女", "freq", {"reading": "おんな", "frequency": {"value": 5, "displayValue": "N5"}}],
	["女の子", "freq", {"reading": "おんなのこ", "frequency": {"value": 5, "displayValue": "N5"}}],
	["外国", "freq", {"reading": "がいこく", "frequency": {"value": 5, "displayValue": "N5"}}],
	["外国人", "freq", {"reading": "がいこくじん", "frequency": {"value": 5, "displayValue": "N5"}}],
	["会社", "freq", {"reading": "かいしゃ", "frequency": {"value": 5, "displayValue": "N5"}}],
	["階段", "freq", {"reading": "かいだん", "frequency": {"value": 5, "displayValue": "N5"}}],
	["買い物", "freq", {"reading": "かいもの", "frequency": {"value": 5, "displayValue": "N5"}}],
	["買う", "freq", {"reading": "かう", "frequency": {"value": 5, "displayValue": "N5"}}],
	["返す", "freq", {"reading": "かえす", "frequency": {"value": 5, "displayValue": "N5"}}],
	["帰る", "freq", {"reading": "かえる", "frequency": {"value": 5, "displayValue": "N5"}}],
	["掛かる", "freq", {"reading": "かかる", "frequency": {"value": 5, "displayValue": "N5"}}],
	["鍵", "freq", {"reading": "かぎ", "frequency": {"value": 5, "displayValue": "N5"}}],
	["書く", "freq", {"reading": "かく", "frequency": {"value": 5, "displayValue": "N5"}}],
	["学生", "freq", {"reading": "がくせい", "frequency": {"value": 5, "displayValue": "N5"}}],
	["掛ける", "freq", {"reading": "かける", "frequency": {"value": 5, "displayValue": "N5"}}],
	["傘", "freq", {"reading": "かさ", "frequency": {"value": 5, "displayValue": "N5"}}],
	["貸す", "freq", {"reading": "かす", "frequency": {"value": 5, "displayValue": "N5"}}],
	["風", "freq", {"reading": "かぜ", "frequency": {"value": 5, "displayValue": "N5"}}],
	["風邪", "freq", {"reading": "かぜ", "frequency": {"value": 5, "displayValue": "N5"}}],
	["家族", "freq", {"reading": "かぞく", "frequency": {"value": 5, "displayValue": "N5"}}],
	["方", "freq", {"reading": "かた", "frequency": {"value": 5, "displayValue": "N5"}}],
	["学校", "freq", {"reading": "がっこう", "frequency": {"value": 5, "displayValue": "N5"}}],
	["カップ", "freq", {"reading": "カップ", "frequency": {"value": 5, "displayValue": "N5"}}],
	["家庭", "freq", {"reading": "かてい", "frequency": {"value": 5, "displayValue": "N5"}}],
	["角", "freq", {"reading": "かど", "frequency": {"value": 5, "displayValue": "N5"}}],
	["鞄", "freq", {"reading": "かばん", "frequency": {"value": 5, "displayValue": "N5"}}],
	["花瓶", "freq", {"reading": "かびん", "frequency": {"value": 5, "displayValue": "N5"}}],
	["紙", "freq", {"reading": "かみ", "frequency": {"value": 5, "displayValue": "N5"}}],
	["カメラ", "freq", {"reading": "カメラ", "frequency": {"value": 5, "displayValue": "N5"}}],
	["火曜日", "freq", {"reading": "かようび", "frequency": {"value": 5, "displayValue": "N5"}}],
	["辛い", "freq", {"reading": "からい", "frequency": {"value": 5, "displayValue": "N5"}}],
	["体", "freq", {"reading": "からだ", "frequency": {"value": 5, "displayValue": "N5"}}],
	["借りる", "freq", {"reading": "かりる", "frequency": {"value": 5, "displayValue": "N5"}}],
	["軽い", "freq", {"reading": "かるい", "frequency": {"value": 5, "displayValue": "N5"}}],
	["カレー", "freq", {"reading": "カレー", "frequency": {"value": 5, "displayValue": "N5"}}],
	["カレンダー", "freq", {"reading": "カレンダー", "frequency": {"value": 5, "displayValue": "N5"}}],
	["川", "freq", {"reading": "かわ", "frequency": {"value": 5, "displayValue": "N5"}}],
	["河", "freq", {"reading": "かわ", "frequency": {"value": 5, "displayValue": "N5"}}],
	["可愛い", "freq", {"reading": "かわいい", "frequency": {"value": 5, "displayValue": "N5"}}],
	["漢字", "freq", {"reading": "かんじ", "frequency": {"value": 5, "displayValue": "N5"}}],
	["木", "freq", {"reading": "き", "frequency": {"value": 5, "displayValue": "N5"}}],
	["黄色", "freq", {"reading": "きいろ", "frequency": {"value": 5, "displayValue": "N5"}}],
	["黄色い", "freq", {"reading": "きいろい", "frequency": {"value": 5, "displayValue": "N5"}}],
	["消える", "freq", {"reading": "きえる", "frequency": {"value": 5, "displayValue": "N5"}}],
	["聞く", "freq", {"reading": "きく", "frequency": {"value": 5, "displayValue": "N5"}}],
	["北", "freq", {"reading": "きた", "frequency": {"value": 5, "displayValue": "N5"}}],
	["ギター", "freq", {"reading": "ギター", "frequency": {"value": 5, "displayValue": "N5"}}],
	["汚い", "freq", {"reading": "きたない", "frequency": {"value": 5, "displayValue": "N5"}}],
	["喫茶店", "freq", {"reading": "きっさてん", "frequency": {"value": 5, "displayValue": "N5"}}],
	["切手", "freq", {"reading": "きって", "frequency": {"value": 5, "displayValue": "N5"}}],
	["切符", "freq", {"reading": "きっぷ", "frequency": {"value": 5, "displayValue": "N5"}}],
	["昨日", "freq", {"reading": "きのう", "frequency": {"value": 5, "displayValue": "N5"}}],
	["九", "freq", {"reading": "きゅう", "frequency": {"value": 5, "displayValue": "N5"}}],
	["九", "freq", {"reading": "く", "frequency": {"value": 5, "displayValue": "N5"}}],
	["牛肉", "freq", {"reading": "ぎゅうにく", "frequency": {"value": 5, "displayValue": "N5"}}],
	["牛乳", "freq", {"reading": "ぎゅうにゅう", "frequency": {"value": 5, "displayValue": "N5"}}],
	["今日", "freq", {"reading": "きょう", "frequency": {"value": 5, "displayValue": "N5"}}],
	["教室", "freq", {"reading": "きょうしつ", "frequency": {"value": 5, "displayValue": "N5"}}],
	["兄弟", "freq", {"reading": "きょうだい", "frequency": {"value": 5, "displayValue": "N5"}}],
	["去年", "freq", {"reading": "きょねん", "frequency": {"value": 5, "displayValue": "N5"}}],
	["嫌い", "freq", {"reading": "きらい", "frequency": {"value": 5, "displayValue": "N5"}}],
	["切る", "freq", {"reading": "きる", "frequency": {"value": 5, "displayValue": "N5"}}],
	["着る", "freq", {"reading": "きる", "frequency": {"value": 5, "displayValue": "N5"}}],
	["綺麗", "freq", {"reading": "きれい", "frequency": {"value": 5, "displayValue": "N5"}}],
	["キロ", "freq", {"reading": "キロ", "frequency": {"value": 5, "displayValue": "N5"}}],
	["キログラム", "freq", {"reading": "キログラム", "frequency": {"value": 5, "displayValue": "N5"}}],
	["キロメートル", "freq", {"reading": "キロメートル", "frequency": {"value": 5, "displayValue": "N5"}}],
	["銀行", "freq", {"reading": "ぎんこう", "frequency": {"value": 5, "displayValue": "N5"}}],
	["金曜日", "freq", {"reading": "きんようび", "frequency": {"value": 5, "displayValue": "N5"}}],
	["薬", "freq", {"reading": "くすり", "frequency": {"value": 5, "displayValue": "N5"}}],
	["下さい", "freq", {"reading": "ください", "frequency": {"value": 5, "displayValue": "N5"}}],
	["果物", "freq", {"reading": "くだもの", "frequency": {"value": 5, "displayValue": "N5"}}],
	["口", "freq", {"reading": "くち", "frequency": {"value": 5, "displayValue": "N5"}}],
	["靴", "freq", {"reading": "くつ", "frequency": {"value": 5, "displayValue": "N5"}}],
	["靴下", "freq", {"reading": "くつした", "frequency": {"value": 5, "displayValue": "N5"}}],
	["国", "freq", {"reading": "くに", "frequency": {"value": 5, "displayValue": "N5"}}],
	["曇り", "freq", {"reading": "くもり", "frequency": {"value": 5, "displayValue": "N5"}}],
	["曇る", "freq", {"reading": "くもる", "frequency": {"value": 5, "displayValue": "N5"}}],
	["暗い", "freq", {"reading": "くらい", "frequency": {"value": 5, "displayValue": "N5"}}],
	["クラス", "freq", {"reading": "クラス", "frequency": {"value": 5, "displayValue": "N5"}}],
	["グラム", "freq", {"reading": "グラム", "frequency": {"value": 5, "displayValue": "N5"}}],
	["来る", "freq", {"reading": "くる", "frequency": {"value": 5, "displayValue": "N5"}}],
	["車", "freq", {"reading": "くるま", "frequency": {"value": 5, "displayValue": "N5"}}],
	["黒", "freq", {"reading": "くろ", "frequency": {"value": 5, "displayValue": "N5"}}],
	["黒い", "freq", {"reading": "くろい", "frequency": {"value": 5, "displayValue": "N5"}}],
	["警官", "freq", {"reading": "けいかん", "frequency": {"value": 5, "displayValue": "N5"}}],
	["今朝", "freq", {"reading": "けさ", "frequency": {"value": 5, "displayValue": "N5"}}],
	["消す", "freq", {"reading": "けす", "frequency": {"value": 5, "displayValue": "N5"}}],
	["結構", "freq", {"reading": "けっこう", "frequency": {"value": 5, "displayValue": "N5"}}],
	["結婚", "freq", {"reading": "けっこん", "frequency": {"value": 5, "displayValue": "N5"}}],
	["月曜日", "freq", {"reading": "げつようび", "frequency": {"value": 5, "displayValue": "N5"}}],
	["玄関", "freq", {"reading": "げんかん", "frequency": {"value": 5, "displayValue": "N5"}}],
	["元気", "freq", {"reading": "げんき", "frequency": {"value": 5, "displayValue": "N5"}}],
	["五", "freq", {"reading": "ご", "frequency": {"value": 5, "displayValue": "N5"}}],
	["公園", "freq", {"reading": "こうえん", "frequency": {"value": 5, "displayValue": "N5"}}],
	["交差点", "freq", {"reading": "こうさてん", "frequency": {"value": 5, "displayValue": "N5"}}],
	["紅茶", "freq", {"reading": "こうちゃ", "frequency": {"value": 5, "displayValue": "N5"}}],
	["交番", "freq", {"reading": "こうばん", "frequency": {"value": 5, "displayValue": "N5"}}],
	["声", "freq", {"reading": "こえ", "frequency": {"value": 5, "displayValue": "N5"}}],
	["コート", "freq", {"reading": "コート", "frequency": {"value": 5, "displayValue": "N5"}}],
	["コーヒー", "freq", {"reading": "コーヒー", "frequency": {"value": 5, "displayValue": "N5"}}],
	["ここ", "freq", {"reading": "ここ", "frequency": {"value": 5, "displayValue": "N5"}}],
	["午後", "freq", {"reading": "ごご", "frequency": {"value": 5, "displayValue": "N5"}}],
	["９日", "freq", {"reading": "ここのか", "frequency": {"value": 5, "displayValue": "N5"}}],
	["九日", "freq", {"reading": "ここのか", "frequency": {"value": 5, "displayValue": "N5"}}],
	["九つ", "freq", {"reading": "ここのつ", "frequency": {"value": 5, "displayValue": "N5"}}],
	["午前", "freq", {"reading": "ごぜん", "frequency": {"value": 5, "displayValue": "N5"}}],
	["答える", "freq", {"reading": "こたえる", "frequency": {"value": 5, "displayValue": "N5"}}],
	["こちら", "freq", {"reading": "こちら", "frequency": {"value": 5, "displayValue": "N5"}}],
	["コップ", "freq", {"reading": "コップ", "frequency": {"value": 5, "displayValue": "N5"}}],
	["今年", "freq", {"reading": "ことし", "frequency": {"value": 5, "displayValue": "N5"}}],
	["言葉", "freq", {"reading": "ことば", "frequency": {"value": 5, "displayValue": "N5"}}],
	["子供", "freq", {"reading": "こども", "frequency": {"value": 5, "displayValue": "N5"}}],
	["この", "freq", {"reading": "この", "frequency": {"value": 5, "displayValue": "N5"}}],
	["ご飯", "freq", {"reading": "ごはん", "frequency": {"value": 5, "displayValue": "N5"}}],
	["御飯", "freq", {"reading": "ごはん", "frequency": {"value": 5, "displayValue": "N5"}}],
	["コピー", "freq", {"reading": "コピー", "frequency": {"value": 5, "displayValue": "N5"}}],
	["困る", "freq", {"reading": "こまる", "frequency": {"value": 5, "displayValue": "N5"}}],
	["これ", "freq", {"reading": "これ", "frequency": {"value": 5, "displayValue": "N5"}}],
	["今月", "freq", {"reading": "こんげつ", "frequency": {"value": 5, "displayValue": "N5"}}],
	["今週", "freq", {"reading": "こんしゅう", "frequency": {"value": 5, "displayValue": "N5"}}],
	["こんな", "freq", {"reading": "こんな", "frequency": {"value": 5, "displayValue": "N5"}}],
	["今晩", "freq", {"reading": "こんばん", "frequency": {"value": 5, "displayValue": "N5"}}],
	["さあ", "freq", {"reading": "さあ", "frequency": {"value": 5, "displayValue": "N5"}}],
	["財布", "freq", {"reading": "さいふ", "frequency": {"value": 5, "displayValue": "N5"}}],
	["魚", "freq", {"reading": "さかな", "frequency": {"value": 5, "displayValue": "N5"}}],
	["先", "freq", {"reading": "さき", "frequency": {"value": 5, "displayValue": "N5"}}],
	["咲く", "freq", {"reading": "さく", "frequency": {"value": 5, "displayValue": "N5"}}],
	["作文", "freq", {"reading": "さくぶん", "frequency": {"value": 5, "displayValue": "N5"}}],
	["差す", "freq", {"reading": "さす", "frequency": {"value": 5, "displayValue": "N5"}}],
	["雑誌", "freq", {"reading": "ざっし", "frequency": {"value": 5, "displayValue": "N5"}}],
	["砂糖", "freq", {"reading": "さとう", "frequency": {"value": 5, "displayValue": "N5"}}],
	["寒い", "freq", {"reading": "さむい", "frequency": {"value": 5, "displayValue": "N5"}}],
	["再来年", "freq", {"reading": "さらいねん", "frequency": {"value": 5, "displayValue": "N5"}}],
	["三", "freq", {"reading": "さん", "frequency": {"value": 5, "displayValue": "N5"}}],
	["散歩", "freq", {"reading": "さんぽ", "frequency": {"value": 5, "displayValue": "N5"}}],
	["四", "freq", {"reading": "し", "frequency": {"value": 5, "displayValue": "N5"}}],
	["四", "freq", {"reading": "よん", "frequency": {"value": 5, "displayValue": "N5"}}],
	["塩", "freq", {"reading": "しお", "frequency": {"value": 5, "displayValue": "N5"}}],
	["しかし", "freq", {"reading": "しかし", "frequency": {"value": 5, "displayValue": "N5"}}],
	["時間", "freq", {"reading": "じかん", "frequency": {"value": 5, "displayValue": "N5"}}],
	["仕事", "freq", {"reading": "しごと", "frequency": {"value": 5, "displayValue": "N5"}}],
	["辞書", "freq", {"reading": "じしょ", "frequency": {"value": 5, "displayValue": "N5"}}],
	["静か", "freq", {"reading": "しずか", "frequency": {"value": 5, "displayValue": "N5"}}],
	["下", "freq", {"reading": "した", "frequency": {"value": 5, "displayValue": "N5"}}],
	["七", "freq", {"reading": "しち", "frequency": {"value": 5, "displayValue": "N5"}}],
	["七", "freq", {"reading": "なな", "frequency": {"value": 5, "displayValue": "N5"}}],
	["質問", "freq", {"reading": "しつもん", "frequency": {"value": 5, "displayValue": "N5"}}],
	["自転車", "freq", {"reading": "じてんしゃ", "frequency": {"value": 5, "displayValue": "N5"}}],
	["自動車", "freq", {"reading": "じどうしゃ", "frequency": {"value": 5, "displayValue": "N5"}}],
	["死ぬ", "freq", {"reading": "しぬ", "frequency": {"value": 5, "displayValue": "N5"}}],
	["字引", "freq", {"reading": "じびき", "frequency": {"value": 5, "displayValue": "N5"}}],
	["自分", "freq", {"reading": "じぶん", "frequency": {"value": 5, "displayValue": "N5"}}],
	["閉まる", "freq", {"reading": "しまる", "frequency": {"value": 5, "displayValue": "N5"}}],
	["閉める", "freq", {"reading": "しめる", "frequency": {"value": 5, "displayValue": "N5"}}],
	["締める", "freq", {"reading": "しめる", "frequency": {"value": 5, "displayValue": "N5"}}],
	["じゃ", "freq", {"reading": "じゃ", "frequency": {"value": 5, "displayValue": "N5"}}],
	["じゃあ", "freq", {"reading": "じゃあ", "frequency": {"value": 5, "displayValue": "N5"}}],
	["写真", "freq", {"reading": "しゃしん", "frequency": {"value": 5, "displayValue": "N5"}}],
	["シャツ", "freq", {"reading": "シャツ", "frequency": {"value": 5, "displayValue": "N5"}}],
	["シャワー", "freq", {"reading": "シャワー", "frequency": {"value": 5, "displayValue": "N5"}}],
	["十", "freq", {"reading": "じゅう", "frequency": {"value": 5, "displayValue": "N5"}}],
	["十", "freq", {"reading": "とお", "frequency": {"value": 5, "displayValue": "N5"}}],
	["授業", "freq", {"reading": "じゅぎょう", "frequency": {"value": 5, "displayValue": "N5"}}],
	["宿題", "freq", {"reading": "しゅくだい", "frequency": {"value": 5, "displayValue": "N5"}}],
	["上手", "freq", {"reading": "じょうず", "frequency": {"value": 5, "displayValue": "N5"}}],
	["丈夫", "freq", {"reading": "じょうぶ", "frequency": {"value": 5, "displayValue": "N5"}}],
	["醤油", "freq", {"reading": "しょうゆ", "frequency": {"value": 5, "displayValue": "N5"}}],
	["食堂", "freq", {"reading": "しょくどう", "frequency": {"value": 5, "displayValue": "N5"}}],
	["知る", "freq", {"reading": "しる", "frequency": {"value": 5, "displayValue": "N5"}}],
	["白", "freq", {"reading": "しろ", "frequency": {"value": 5, "displayValue": "N5"}}],
	["白い", "freq", {"reading": "しろい", "frequency": {"value": 5, "displayValue": "N5"}}],
	["新聞", "freq", {"reading": "しんぶん", "frequency": {"value": 5, "displayValue": "N5"}}],
	["水曜日", "freq", {"reading": "すいようび", "frequency": {"value": 5, "displayValue": "N5"}}],
	["吸う", "freq", {"reading": "すう", "frequency": {"value": 5, "displayValue": "N5"}}],
	["スカート", "freq", {"reading": "スカート", "frequency": {"value": 5, "displayValue": "N5"}}],
	["好き", "freq", {"reading": "すき", "frequency": {"value": 5, "displayValue": "N5"}}],
	["少ない", "freq", {"reading": "すくない", "frequency": {"value": 5, "displayValue": "N5"}}],
	["直ぐに", "freq", {"reading": "すぐに", "frequency": {"value": 5, "displayValue": "N5"}}],
	["少し", "freq", {"reading": "すこし", "frequency": {"value": 5, "displayValue": "N5"}}],
	["涼しい", "freq", {"reading": "すずしい", "frequency": {"value": 5, "displayValue": "N5"}}],
	["ストーブ", "freq", {"reading": "ストーブ", "frequency": {"value": 5, "displayValue": "N5"}}],
	["スプーン", "freq", {"reading": "スプーン", "frequency": {"value": 5, "displayValue": "N5"}}],
	["スポーツ", "freq", {"reading": "スポーツ", "frequency": {"value": 5, "displayValue": "N5"}}],
	["ズボン", "freq", {"reading": "ズボン", "frequency": {"value": 5, "displayValue": "N5"}}],
	["住む", "freq", {"reading": "すむ", "frequency": {"value": 5, "displayValue": "N5"}}],
	["スリッパ", "freq", {"reading": "スリッパ", "frequency": {"value": 5, "displayValue": "N5"}}],
	["する", "freq", {"reading": "する", "frequency": {"value": 5, "displayValue": "N5"}}],
	["座る", "freq", {"reading": "すわる", "frequency": {"value": 5, "displayValue": "N5"}}],
	["背", "freq", {"reading": "せ", "frequency": {"value": 5, "displayValue": "N5"}}],
	["生徒", "freq", {"reading": "せいと", "frequency": {"value": 5, "displayValue": "N5"}}],
	["セーター", "freq", {"reading": "セーター", "frequency": {"value": 5, "displayValue": "N5"}}],
	["石鹸", "freq", {"reading": "せっけん", "frequency": {"value": 5, "displayValue": "N5"}}],
	["背広", "freq", {"reading": "せびろ", "frequency": {"value": 5, "displayValue": "N5"}}],
	["狭い", "freq", {"reading": "せまい", "frequency": {"value": 5, "displayValue": "N5"}}],
	["０", "freq", {"reading": "ゼロ", "frequency": {"value": 5, "displayValue": "N5"}}],
	["〇", "freq", {"reading": "ゼロ", "frequency": {"value": 5, "displayValue": "N5"}}],
	["千", "freq", {"reading": "せん", "frequency": {"value": 5, "displayValue": "N5"}}],
	["先月", "freq", {"reading": "せんげつ", "frequency": {"value": 5, "displayValue": "N5"}}],
	["先週", "freq", {"reading": "せんしゅう", "frequency": {"value": 5, "displayValue": "N5"}}],
	["先生", "freq", {"reading": "せんせい", "frequency": {"value": 5, "displayValue": "N5"}}],
	["洗濯", "freq", {"reading": "せんたく", "frequency": {"value": 5, "displayValue": "N5"}}],
	["全部", "freq", {"reading": "ぜんぶ", "frequency": {"value": 5, "displayValue": "N5"}}],
	["掃除", "freq", {"reading": "そうじ", "frequency": {"value": 5, "displayValue": "N5"}}],
	["そうして", "freq", {"reading": "そうして", "frequency": {"value": 5, "displayValue": "N5"}}],
	["そして", "freq", {"reading": "そして", "frequency": {"value": 5, "displayValue": "N5"}}],
	["そこ", "freq", {"reading": "そこ", "frequency": {"value": 5, "displayValue": "N5"}}],
	["そちら", "freq", {"reading": "そちら", "frequency": {"value": 5, "displayValue": "N5"}}],
	["そっち", "freq", {"reading": "そっち", "frequency": {"value": 5, "displayValue": "N5"}}],
	["外", "freq", {"reading": "そと", "frequency": {"value": 5, "displayValue": "N5"}}],
	["その", "freq", {"reading": "その", "frequency": {"value": 5, "displayValue": "N5"}}],
	["側", "freq", {"reading": "そば", "frequency": {"value": 5, "displayValue": "N5"}}],
	["空", "freq", {"reading": "そら", "frequency": {"value": 5, "displayValue": "N5"}}],
	["それ", "freq", {"reading": "それ", "frequency": {"value": 5, "displayValue": "N5"}}],
	["それから", "freq", {"reading": "それから", "frequency": {"value": 5, "displayValue": "N5"}}],
	["それでは", "freq", {"reading": "それでは", "frequency": {"value": 5, "displayValue": "N5"}}],
	["大学", "freq", {"reading": "だいがく", "frequency": {"value": 5, "displayValue": "N5"}}],
	["大使館", "freq", {"reading": "たいしかん", "frequency": {"value": 5, "displayValue": "N5"}}],
	["大丈夫", "freq", {"reading": "だいじょうぶ", "frequency": {"value": 5, "displayValue": "N5"}}],
	["大好き", "freq", {"reading": "だいすき", "frequency": {"value": 5, "displayValue": "N5"}}],
	["大切", "freq", {"reading": "たいせつ", "frequency": {"value": 5, "displayValue": "N5"}}],
	["台所", "freq", {"reading": "だいどころ", "frequency": {"value": 5, "displayValue": "N5"}}],
	["大変", "freq", {"reading": "たいへん", "frequency": {"value": 5, "displayValue": "N5"}}],
	["高い", "freq", {"reading": "たかい", "frequency": {"value": 5, "displayValue": "N5"}}],
	["沢山", "freq", {"reading": "たくさん", "frequency": {"value": 5, "displayValue": "N5"}}],
	["タクシー", "freq", {"reading": "タクシー", "frequency": {"value": 5, "displayValue": "N5"}}],
	["出す", "freq", {"reading": "だす", "frequency": {"value": 5, "displayValue": "N5"}}],
	["立つ", "freq", {"reading": "たつ", "frequency": {"value": 5, "displayValue": "N5"}}],
	["縦", "freq", {"reading": "たて", "frequency": {"value": 5, "displayValue": "N5"}}],
	["建物", "freq", {"reading": "たてもの", "frequency": {"value": 5, "displayValue": "N5"}}],
	["楽しい", "freq", {"reading": "たのしい", "frequency": {"value": 5, "displayValue": "N5"}}],
	["頼む", "freq", {"reading": "たのむ", "frequency": {"value": 5, "displayValue": "N5"}}],
	["煙草", "freq", {"reading": "たばこ", "frequency": {"value": 5, "displayValue": "N5"}}],
	["多分", "freq", {"reading": "たぶん", "frequency": {"value": 5, "displayValue": "N5"}}],
	["食べ物", "freq", {"reading": "たべもの", "frequency": {"value": 5, "displayValue": "N5"}}],
	["食べる", "freq", {"reading": "たべる", "frequency": {"value": 5, "displayValue": "N5"}}],
	["卵", "freq", {"reading": "たまご", "frequency": {"value": 5, "displayValue": "N5"}}],
	["誰", "freq", {"reading": "だれ", "frequency": {"value": 5, "displayValue": "N5"}}],
	["誰か", "freq", {"reading": "だれか", "frequency": {"value": 5, "displayValue": "N5"}}],
	["誕生日", "freq", {"reading": "たんじょうび", "frequency": {"value": 5, "displayValue": "N5"}}],
	["だんだん", "freq", {"reading": "だんだん", "frequency": {"value": 5, "displayValue": "N5"}}],
	["小さい", "freq", {"reading": "ちいさい", "frequency": {"value": 5, "displayValue": "N5"}}],
	["小さな", "freq", {"reading": "ちいさな", "frequency": {"value": 5, "displayValue": "N5"}}],
	["近い", "freq", {"reading": "ちかい", "frequency": {"value": 5, "displayValue": "N5"}}],
	["違う", "freq", {"reading": "ちがう", "frequency": {"value": 5, "displayValue": "N5"}}],
	["近く", "freq", {"reading": "ちかく", "frequency": {"value": 5, "displayValue": "N5"}}],
	["地下鉄", "freq", {"reading": "ちかてつ", "frequency": {"value": 5, "displayValue": "N5"}}],
	["地図", "freq", {"reading": "ちず", "frequency": {"value": 5, "displayValue": "N5"}}],
	["茶色", "freq", {"reading": "ちゃいろ", "frequency": {"value": 5, "displayValue": "N5"}}],
	["茶碗", "freq", {"reading": "ちゃわん", "frequency": {"value": 5, "displayValue": "N5"}}],
	["茶わん", "freq", {"reading": "ちゃわん", "frequency": {"value": 5, "displayValue": "N5"}}],
	["丁度", "freq", {"reading": "ちょうど", "frequency": {"value": 5, "displayValue": "N5"}}],
	["ちょっと", "freq", {"reading": "ちょっと", "frequency": {"value": 5, "displayValue": "N5"}}],
	["１日", "freq", {"reading": "ついたち", "frequency": {"value": 5, "displayValue": "N5"}}],
	["一日", "freq", {"reading": "ついたち", "frequency": {"value": 5, "displayValue": "N5"}}],
	["使う", "freq", {"reading": "つかう", "frequency": {"value": 5, "displayValue": "N5"}}],
	["疲れる", "freq", {"reading": "つかれる", "frequency": {"value": 5, "displayValue": "N5"}}],
	["次", "freq", {"reading": "つぎ", "frequency": {"value": 5, "displayValue": "N5"}}],
	["着く", "freq", {"reading": "つく", "frequency": {"value": 5, "displayValue": "N5"}}],
	["机", "freq", {"reading": "つくえ", "frequency": {"value": 5, "displayValue": "N5"}}],
	["作る", "freq", {"reading": "つくる", "frequency": {"value": 5, "displayValue": "N5"}}],
	["付ける", "freq", {"reading": "つける", "frequency": {"value": 5, "displayValue": "N5"}}],
	["勤める", "freq", {"reading": "つとめる", "frequency": {"value": 5, "displayValue": "N5"}}],
	["詰らない", "freq", {"reading": "つまらない", "frequency": {"value": 5, "displayValue": "N5"}}],
	["冷たい", "freq", {"reading": "つめたい", "frequency": {"value": 5, "displayValue": "N5"}}],
	["強い", "freq", {"reading": "つよい", "frequency": {"value": 5, "displayValue": "N5"}}],
	["手", "freq", {"reading": "て", "frequency": {"value": 5, "displayValue": "N5"}}],
	["テープ", "freq", {"reading": "テープ", "frequency": {"value": 5, "displayValue": "N5"}}],
	["テーブル", "freq", {"reading": "テーブル", "frequency": {"value": 5, "displayValue": "N5"}}],
	["テープレコーダー", "freq", {"reading": "テープレコーダー", "frequency": {"value": 5, "displayValue": "N5"}}],
	["出かける", "freq", {"reading": "でかける", "frequency": {"value": 5, "displayValue": "N5"}}],
	["手紙", "freq", {"reading": "てがみ", "frequency": {"value": 5, "displayValue": "N5"}}],
	["出来る", "freq", {"reading": "できる", "frequency": {"value": 5, "displayValue": "N5"}}],
	["出口", "freq", {"reading": "でぐち", "frequency": {"value": 5, "displayValue": "N5"}}],
	["テスト", "freq", {"reading": "テスト", "frequency": {"value": 5, "displayValue": "N5"}}],
	["では", "freq", {"reading": "では", "frequency": {"value": 5, "displayValue": "N5"}}],
	["デパート", "freq", {"reading": "デパート", "frequency": {"value": 5, "displayValue": "N5"}}],
	["でも", "freq", {"reading": "でも", "frequency": {"value": 5, "displayValue": "N5"}}],
	["出る", "freq", {"reading": "でる", "frequency": {"value": 5, "displayValue": "N5"}}],
	["テレビ", "freq", {"reading": "テレビ", "frequency": {"value": 5, "displayValue": "N5"}}],
	["天気", "freq", {"reading": "てんき", "frequency": {"value": 5, "displayValue": "N5"}}],
	["電気", "freq", {"reading": "でんき", "frequency": {"value": 5, "displayValue": "N5"}}],
	["電車", "freq", {"reading": "でんしゃ", "frequency": {"value": 5, "displayValue": "N5"}}],
	["電話", "freq", {"reading": "でんわ", "frequency": {"value": 5, "displayValue": "N5"}}],
	["戸", "freq", {"reading": "と", "frequency": {"value": 5, "displayValue": "N5"}}],
	["ドア", "freq", {"reading": "ドア", "frequency": {"value": 5, "displayValue": "N5"}}],
	["トイレ", "freq", {"reading": "トイレ", "frequency": {"value": 5, "displayValue": "N5"}}],
	["どう", "freq", {"reading": "どう", "frequency": {"value": 5, "displayValue": "N5"}}],
	["どうして", "freq", {"reading": "どうして", "frequency": {"value": 5, "displayValue": "N5"}}],
	["どうぞ", "freq", {"reading": "どうぞ", "frequency": {"value": 5, "displayValue": "N5"}}],
	["動物", "freq", {"reading": "どうぶつ", "frequency": {"value": 5, "displayValue": "N5"}}],
	["どうも", "freq", {"reading": "どうも", "frequency": {"value": 5, "displayValue": "N5"}}],
	["遠い", "freq", {"reading": "とおい", "frequency": {"value": 5, "displayValue": "N5"}}],
	["１０日", "freq", {"reading": "とおか", "frequency": {"value": 5, "displayValue": "N5"}}],
	["十日", "freq", {"reading": "とおか", "frequency": {"value": 5, "displayValue": "N5"}}],
	["時々", "freq", {"reading": "ときどき", "frequency": {"value": 5, "displayValue": "N5"}}],
	["時計", "freq", {"reading": "とけい", "frequency": {"value": 5, "displayValue": "N5"}}],
	["何処", "freq", {"reading": "どこ", "frequency": {"value": 5, "displayValue": "N5"}}],
	["所", "freq", {"reading": "ところ", "frequency": {"value": 5, "displayValue": "N5"}}],
	["年", "freq", {"reading": "とし", "frequency": {"value": 5, "displayValue": "N5"}}],
	["図書館", "freq", {"reading": "としょかん", "frequency": {"value": 5, "displayValue": "N5"}}],
	["どちら", "freq", {"reading": "どちら", "frequency": {"value": 5, "displayValue": "N5"}}],
	["どっち", "freq", {"reading": "どっち", "frequency": {"value": 5, "displayValue": "N5"}}],
	["とても", "freq", {"reading": "とても", "frequency": {"value": 5, "displayValue": "N5"}}],
	["何方", "freq", {"reading": "どなた", "frequency": {"value": 5, "displayValue": "N5"}}],
	["隣", "freq", {"reading": "となり", "frequency": {"value": 5, "displayValue": "N5"}}],
	["どの", "freq", {"reading": "どの", "frequency": {"value": 5, "displayValue": "N5"}}],
	["飛ぶ", "freq", {"reading": "とぶ", "frequency": {"value": 5, "displayValue": "N5"}}],
	["止まる", "freq", {"reading": "とまる", "frequency": {"value": 5, "displayValue": "N5"}}],
	["友達", "freq", {"reading": "ともだち", "frequency": {"value": 5, "displayValue": "N5"}}],
	["土曜日", "freq", {"reading": "どようび", "frequency": {"value": 5, "displayValue": "N5"}}],
	["鳥", "freq", {"reading": "とり", "frequency": {"value": 5, "displayValue": "N5"}}],
	["鶏肉", "freq", {"reading": "とりにく", "frequency": {"value": 5, "displayValue": "N5"}}],
	["取る", "freq", {"reading": "とる", "frequency": {"value": 5, "displayValue": "N5"}}],
	["撮る", "freq", {"reading": "とる", "frequency": {"value": 5, "displayValue": "N5"}}],
	["どれ", "freq", {"reading": "どれ", "frequency": {"value": 5, "displayValue": "N5"}}],
	["ナイフ", "freq", {"reading": "ナイフ", "frequency": {"value": 5, "displayValue": "N5"}}],
	["中", "freq", {"reading": "なか", "frequency": {"value": 5, "displayValue": "N5"}}],
	["長い", "freq", {"reading": "ながい", "frequency": {"value": 5, "displayValue": "N5"}}],
	["鳴く", "freq", {"reading": "なく", "frequency": {"value": 5, "displayValue": "N5"}}],
	["無くす", "freq", {"reading": "なくす", "frequency": {"value": 5, "displayValue": "N5"}}],
	["何故", "freq", {"reading": "なぜ", "frequency": {"value": 5, "displayValue": "N5"}}],
	["夏", "freq", {"reading": "なつ", "frequency": {"value": 5, "displayValue": "N5"}}],
	["夏休み", "freq", {"reading": "なつやすみ", "frequency": {"value": 5, "displayValue": "N5"}}],
	["等", "freq", {"reading": "など", "frequency": {"value": 5, "displayValue": "N5"}}],
	["七つ", "freq", {"reading": "ななつ", "frequency": {"value": 5, "displayValue": "N5"}}],
	["７日", "freq", {"reading": "なのか", "frequency": {"value": 5, "displayValue": "N5"}}],
	["七日", "freq", {"reading": "なのか", "frequency": {"value": 5, "displayValue": "N5"}}],
	["名前", "freq", {"reading": "なまえ", "frequency": {"value": 5, "displayValue": "N5"}}],
	["習う", "freq", {"reading": "ならう", "frequency": {"value": 5, "displayValue": "N5"}}],
	["並ぶ", "freq", {"reading": "ならぶ", "frequency": {"value": 5, "displayValue": "N5"}}],
	["並べる", "freq", {"reading": "ならべる", "frequency": {"value": 5, "displayValue": "N5"}}],
	["なる", "freq", {"reading": "なる", "frequency": {"value": 5, "displayValue": "N5"}}],
	["何", "freq", {"reading": "なん", "frequency": {"value": 5, "displayValue": "N5"}}],
	["何", "freq", {"reading": "なに", "frequency": {"value": 5, "displayValue": "N5"}}],
	["二", "freq", {"reading": "に", "frequency": {"value": 5, "displayValue": "N5"}}],
	["賑やか", "freq", {"reading": "にぎやか", "frequency": {"value": 5, "displayValue": "N5"}}],
	["肉", "freq", {"reading": "にく", "frequency": {"value": 5, "displayValue": "N5"}}],
	["西", "freq", {"reading": "にし", "frequency": {"value": 5, "displayValue": "N5"}}],
	["日曜日", "freq", {"reading": "にちようび", "frequency": {"value": 5, "displayValue": "N5"}}],
	["荷物", "freq", {"reading": "にもつ", "frequency": {"value": 5, "displayValue": "N5"}}],
	["ニュース", "freq", {"reading": "ニュース", "frequency": {"value": 5, "displayValue": "N5"}}],
	["庭", "freq", {"reading": "にわ", "frequency": {"value": 5, "displayValue": "N5"}}],
	["脱ぐ", "freq", {"reading": "ぬぐ", "frequency": {"value": 5, "displayValue": "N5"}}],
	["温い", "freq", {"reading": "ぬるい", "frequency": {"value": 5, "displayValue": "N5"}}],
	["ネクタイ", "freq", {"reading": "ネクタイ", "frequency": {"value": 5, "displayValue": "N5"}}],
	["猫", "freq", {"reading": "ねこ", "frequency": {"value": 5, "displayValue": "N5"}}],
	["寝る", "freq", {"reading": "ねる", "frequency": {"value": 5, "displayValue": "N5"}}],
	["ノート", "freq", {"reading": "ノート", "frequency": {"value": 5, "displayValue": "N5"}}],
	["上る", "freq", {"reading": "のぼる", "frequency": {"value": 5, "displayValue": "N5"}}],
	["登る", "freq", {"reading": "のぼる", "frequency": {"value": 5, "displayValue": "N5"}}],
	["飲み物", "freq", {"reading": "のみもの", "frequency": {"value": 5, "displayValue": "N5"}}],
	["飲む", "freq", {"reading": "のむ", "frequency": {"value": 5, "displayValue": "N5"}}],
	["乗る", "freq", {"reading": "のる", "frequency": {"value": 5, "displayValue": "N5"}}],
	["歯", "freq", {"reading": "は", "frequency": {"value": 5, "displayValue": "N5"}}],
	["パーティー", "freq", {"reading": "パーティー", "frequency": {"value": 5, "displayValue": "N5"}}],
	["はい", "freq", {"reading": "はい", "frequency": {"value": 5, "displayValue": "N5"}}],
	["灰皿", "freq", {"reading": "はいざら", "frequency": {"value": 5, "displayValue": "N5"}}],
	["入る", "freq", {"reading": "はいる", "frequency": {"value": 5, "displayValue": "N5"}}],
	["葉書", "freq", {"reading": "はがき", "frequency": {"value": 5, "displayValue": "N5"}}],
	["履く", "freq", {"reading": "はく", "frequency": {"value": 5, "displayValue": "N5"}}],
	["箱", "freq", {"reading": "はこ", "frequency": {"value": 5, "displayValue": "N5"}}],
	["橋", "freq", {"reading": "はし", "frequency": {"value": 5, "displayValue": "N5"}}],
	["箸", "freq", {"reading": "はし", "frequency": {"value": 5, "displayValue": "N5"}}],
	["始まる", "freq", {"reading": "はじまる", "frequency": {"value": 5, "displayValue": "N5"}}],
	["始め", "freq", {"reading": "はじめ", "frequency": {"value": 5, "displayValue": "N5"}}],
	["初め", "freq", {"reading": "はじめ", "frequency": {"value": 5, "displayValue": "N5"}}],
	["初めて", "freq", {"reading": "はじめて", "frequency": {"value": 5, "displayValue": "N5"}}],
	["走る", "freq", {"reading": "はしる", "frequency": {"value": 5, "displayValue": "N5"}}],
	["バス", "freq", {"reading": "バス", "frequency": {"value": 5, "displayValue": "N5"}}],
	["バター", "freq", {"reading": "バター", "frequency": {"value": 5, "displayValue": "N5"}}],
	["二十歳", "freq", {"reading": "はたち", "frequency": {"value": 5, "displayValue": "N5"}}],
	["働く", "freq", {"reading": "はたらく", "frequency": {"value": 5, "displayValue": "N5"}}],
	["八", "freq", {"reading": "はち", "frequency": {"value": 5, "displayValue": "N5"}}],
	["２０日", "freq", {"reading": "はつか", "frequency": {"value": 5, "displayValue": "N5"}}],
	["二十日", "freq", {"reading": "はつか", "frequency": {"value": 5, "displayValue": "N5"}}],
	["花", "freq", {"reading": "はな", "frequency": {"value": 5, "displayValue": "N5"}}],
	["鼻", "freq", {"reading": "はな", "frequency": {"value": 5, "displayValue": "N5"}}],
	["話", "freq", {"reading": "はなし", "frequency": {"value": 5, "displayValue": "N5"}}],
	["話す", "freq", {"reading": "はなす", "frequency": {"value": 5, "displayValue": "N5"}}],
	["早い", "freq", {"reading": "はやい", "frequency": {"value": 5, "displayValue": "N5"}}],
	["速い", "freq", {"reading": "はやい", "frequency": {"value": 5, "displayValue": "N5"}}],
	["春", "freq", {"reading": "はる", "frequency": {"value": 5, "displayValue": "N5"}}],
	["張る", "freq", {"reading": "はる", "frequency": {"value": 5, "displayValue": "N5"}}],
	["貼る", "freq", {"reading": "はる", "frequency": {"value": 5, "displayValue": "N5"}}],
	["晴れ", "freq", {"reading": "はれ", "frequency": {"value": 5, "displayValue": "N5"}}],
	["晴れる", "freq", {"reading": "はれる", "frequency": {"value": 5, "displayValue": "N5"}}],
	["半", "freq", {"reading": "はん", "frequency": {"value": 5, "displayValue": "N5"}}],
	["晩", "freq", {"reading": "ばん", "frequency": {"value": 5, "displayValue": "N5"}}],
	["パン", "freq", {"reading": "パン", "frequency": {"value": 5, "displayValue": "N5"}}],
	["ハンカチ", "freq", {"reading": "ハンカチ", "frequency": {"value": 5, "displayValue": "N5"}}],
	["番号", "freq", {"reading": "ばんごう", "frequency": {"value": 5, "displayValue": "N5"}}],
	["晩御飯", "freq", {"reading": "ばんごはん", "frequency": {"value": 5, "displayValue": "N5"}}],
	["半分", "freq", {"reading": "はんぶん", "frequency": {"value": 5, "displayValue": "N5"}}],
	["東", "freq", {"reading": "ひがし", "frequency": {"value": 5, "displayValue": "N5"}}],
	["引く", "freq", {"reading": "ひく", "frequency": {"value": 5, "displayValue": "N5"}}],
	["弾く", "freq", {"reading": "ひく", "frequency": {"value": 5, "displayValue": "N5"}}],
	["低い", "freq", {"reading": "ひくい", "frequency": {"value": 5, "displayValue": "N5"}}],
	["飛行機", "freq", {"reading": "ひこうき", "frequency": {"value": 5, "displayValue": "N5"}}],
	["左", "freq", {"reading": "ひだり", "frequency": {"value": 5, "displayValue": "N5"}}],
	["人", "freq", {"reading": "ひと", "frequency": {"value": 5, "displayValue": "N5"}}],
	["一つ", "freq", {"reading": "ひとつ", "frequency": {"value": 5, "displayValue": "N5"}}],
	["一月", "freq", {"reading": "ひとつき", "frequency": {"value": 5, "displayValue": "N5"}}],
	["一人", "freq", {"reading": "ひとり", "frequency": {"value": 5, "displayValue": "N5"}}],
	["暇", "freq", {"reading": "ひま", "frequency": {"value": 5, "displayValue": "N5"}}],
	["百", "freq", {"reading": "ひゃく", "frequency": {"value": 5, "displayValue": "N5"}}],
	["病院", "freq", {"reading": "びょういん", "frequency": {"value": 5, "displayValue": "N5"}}],
	["病気", "freq", {"reading": "びょうき", "frequency": {"value": 5, "displayValue": "N5"}}],
	["昼", "freq", {"reading": "ひる", "frequency": {"value": 5, "displayValue": "N5"}}],
	["昼ご飯", "freq", {"reading": "ひるごはん", "frequency": {"value": 5, "displayValue": "N5"}}],
	["昼ごはん", "freq", {"reading": "ひるごはん", "frequency": {"value": 5, "displayValue": "N5"}}],
	["広い", "freq", {"reading": "ひろい", "frequency": {"value": 5, "displayValue": "N5"}}],
	["フィルム", "freq", {"reading": "フィルム", "frequency": {"value": 5, "displayValue": "N5"}}],
	["封筒", "freq", {"reading": "ふうとう", "frequency": {"value": 5, "displayValue": "N5"}}],
	["プール", "freq", {"reading": "プール", "frequency": {"value": 5, "displayValue": "N5"}}],
	["フォーク", "freq", {"reading": "フォーク", "frequency": {"value": 5, "displayValue": "N5"}}],
	["吹く", "freq", {"reading": "ふく", "frequency": {"value": 5, "displayValue": "N5"}}],
	["服", "freq", {"reading": "ふく", "frequency": {"value": 5, "displayValue": "N5"}}],
	["二つ", "freq", {"reading": "ふたつ", "frequency": {"value": 5, "displayValue": "N5"}}],
	["豚肉", "freq", {"reading": "ぶたにく", "frequency": {"value": 5, "displayValue": "N5"}}],
	["二人", "freq", {"reading": "ふたり", "frequency": {"value": 5, "displayValue": "N5"}}],
	["２日", "freq", {"reading": "ふつか", "frequency": {"value": 5, "displayValue": "N5"}}],
	["二日", "freq", {"reading": "ふつか", "frequency": {"value": 5, "displayValue": "N5"}}],
	["太い", "freq", {"reading": "ふとい", "frequency": {"value": 5, "displayValue": "N5"}}],
	["冬", "freq", {"reading": "ふゆ", "frequency": {"value": 5, "displayValue": "N5"}}],
	["降る", "freq", {"reading": "ふる", "frequency": {"value": 5, "displayValue": "N5"}}],
	["古い", "freq", {"reading": "ふるい", "frequency": {"value": 5, "displayValue": "N5"}}],
	["風呂", "freq", {"reading": "ふろ", "frequency": {"value": 5, "displayValue": "N5"}}],
	["文章", "freq", {"reading": "ぶんしょう", "frequency": {"value": 5, "displayValue": "N5"}}],
	["頁", "freq", {"reading": "ページ", "frequency": {"value": 5, "displayValue": "N5"}}],
	["下手", "freq", {"reading": "へた", "frequency": {"value": 5, "displayValue": "N5"}}],
	["ベッド", "freq", {"reading": "ベッド", "frequency": {"value": 5, "displayValue": "N5"}}],
	["ペット", "freq", {"reading": "ペット", "frequency": {"value": 5, "displayValue": "N5"}}],
	["部屋", "freq", {"reading": "へや", "frequency": {"value": 5, "displayValue": "N5"}}],
	["辺", "freq", {"reading": "へん", "frequency": {"value": 5, "displayValue": "N5"}}],
	["ペン", "freq", {"reading": "ペン", "frequency": {"value": 5, "displayValue": "N5"}}],
	["勉強", "freq", {"reading": "べんきょう", "frequency": {"value": 5, "displayValue": "N5"}}],
	["便利", "freq", {"reading": "べんり", "frequency": {"value": 5, "displayValue": "N5"}}],
	["帽子", "freq", {"reading": "ぼうし", "frequency": {"value": 5, "displayValue": "N5"}}],
	["ボールペン", "freq", {"reading": "ボールペン", "frequency": {"value": 5, "displayValue": "N5"}}],
	["他", "freq", {"reading": "ほか", "frequency": {"value": 5, "displayValue": "N5"}}],
	["ポケット", "freq", {"reading": "ポケット", "frequency": {"value": 5, "displayValue": "N5"}}],
	["欲しい", "freq", {"reading": "ほしい", "frequency": {"value": 5, "displayValue": "N5"}}],
	["ポスト", "freq", {"reading": "ポスト", "frequency": {"value": 5, "displayValue": "N5"}}],
	["細い", "freq", {"reading": "ほそい", "frequency": {"value": 5, "displayValue": "N5"}}],
	["ボタン", "freq", {"reading": "ボタン", "frequency": {"value": 5, "displayValue": "N5"}}],
	["ホテル", "freq", {"reading": "ホテル", "frequency": {"value": 5, "displayValue": "N5"}}],
	["本", "freq", {"reading": "ほん", "frequency": {"value": 5, "displayValue": "N5"}}],
	["本棚", "freq", {"reading": "ほんだな", "frequency": {"value": 5, "displayValue": "N5"}}],
	["本当", "freq", {"reading": "ほんとう", "frequency": {"value": 5, "displayValue": "N5"}}],
	["毎朝", "freq", {"reading": "まいあさ", "frequency": {"value": 5, "displayValue": "N5"}}],
	["毎月", "freq", {"reading": "まいげつ", "frequency": {"value": 5, "displayValue": "N5"}}],
	["毎月", "freq", {"reading": "まいつき", "frequency": {"value": 5, "displayValue": "N5"}}],
	["毎週", "freq", {"reading": "まいしゅう", "frequency": {"value": 5, "displayValue": "N5"}}],
	["毎日", "freq", {"reading": "まいにち", "frequency": {"value": 5, "displayValue": "N5"}}],
	["毎年", "freq", {"reading": "まいねん", "frequency": {"value": 5, "displayValue": "N5"}}],
	["毎年", "freq", {"reading": "まいとし", "frequency": {"value": 5, "displayValue": "N5"}}],
	["毎晩", "freq", {"reading": "まいばん", "frequency": {"value": 5, "displayValue": "N5"}}],
	["前", "freq", {"reading": "まえ", "frequency": {"value": 5, "displayValue": "N5"}}],
	["曲がる", "freq", {"reading": "まがる", "frequency": {"value": 5, "displayValue": "N5"}}],
	["不味い", "freq", {"reading": "まずい", "frequency": {"value": 5, "displayValue": "N5"}}],
	["また", "freq", {"reading": "また", "frequency": {"value": 5, "displayValue": "N5"}}],
	["未だ", "freq", {"reading": "まだ", "frequency": {"value": 5, "displayValue": "N5"}}],
	["町", "freq", {"reading": "まち", "frequency": {"value": 5, "displayValue": "N5"}}],
	["待つ", "freq", {"reading": "まつ", "frequency": {"value": 5, "displayValue": "N5"}}],
	["真っ直ぐ", "freq", {"reading": "まっすぐ", "frequency": {"value": 5, "displayValue": "N5"}}],
	["マッチ", "freq", {"reading": "マッチ", "frequency": {"value": 5, "displayValue": "N5"}}],
	["窓", "freq", {"reading": "まど", "frequency": {"value": 5, "displayValue": "N5"}}],
	["丸い", "freq", {"reading": "まるい", "frequency": {"value": 5, "displayValue": "N5"}}],
	["円い", "freq", {"reading": "まるい", "frequency": {"value": 5, "displayValue": "N5"}}],
	["万", "freq", {"reading": "まん", "frequency": {"value": 5, "displayValue": "N5"}}],
	["万年筆", "freq", {"reading": "まんねんひつ", "frequency": {"value": 5, "displayValue": "N5"}}],
	["磨く", "freq", {"reading": "みがく", "frequency": {"value": 5, "displayValue": "N5"}}],
	["右", "freq", {"reading": "みぎ", "frequency": {"value": 5, "displayValue": "N5"}}],
	["短い", "freq", {"reading": "みじかい", "frequency": {"value": 5, "displayValue": "N5"}}],
	["水", "freq", {"reading": "みず", "frequency": {"value": 5, "displayValue": "N5"}}],
	["店", "freq", {"reading": "みせ", "frequency": {"value": 5, "displayValue": "N5"}}],
	["見せる", "freq", {"reading": "みせる", "frequency": {"value": 5, "displayValue": "N5"}}],
	["道", "freq", {"reading": "みち", "frequency": {"value": 5, "displayValue": "N5"}}],
	["３日", "freq", {"reading": "みっか", "frequency": {"value": 5, "displayValue": "N5"}}],
	["三日", "freq", {"reading": "みっか", "frequency": {"value": 5, "displayValue": "N5"}}],
	["三つ", "freq", {"reading": "みっつ", "frequency": {"value": 5, "displayValue": "N5"}}],
	["緑", "freq", {"reading": "みどり", "frequency": {"value": 5, "displayValue": "N5"}}],
	["皆さん", "freq", {"reading": "みなさん", "frequency": {"value": 5, "displayValue": "N5"}}],
	["南", "freq", {"reading": "みなみ", "frequency": {"value": 5, "displayValue": "N5"}}],
	["耳", "freq", {"reading": "みみ", "frequency": {"value": 5, "displayValue": "N5"}}],
	["見る", "freq", {"reading": "みる", "frequency": {"value": 5, "displayValue": "N5"}}],
	["観る", "freq", {"reading": "みる", "frequency": {"value": 5, "displayValue": "N5"}}],
	["皆", "freq", {"reading": "みんな", "frequency": {"value": 5, "displayValue": "N5"}}],
	["６日", "freq", {"reading": "むいか", "frequency": {"value": 5, "displayValue": "N5"}}],
	["六日", "freq", {"reading": "むいか", "frequency": {"value": 5, "displayValue": "N5"}}],
	["向こう", "freq", {"reading": "むこう", "frequency": {"value": 5, "displayValue": "N5"}}],
	["難しい", "freq", {"reading": "むずかしい", "frequency": {"value": 5, "displayValue": "N5"}}],
	["六つ", "freq", {"reading": "むっつ", "frequency": {"value": 5, "displayValue": "N5"}}],
	["村", "freq", {"reading": "むら", "frequency": {"value": 5, "displayValue": "N5"}}],
	["目", "freq", {"reading": "め", "frequency": {"value": 5, "displayValue": "N5"}}],
	["メートル", "freq", {"reading": "メートル", "frequency": {"value": 5, "displayValue": "N5"}}],
	["眼鏡", "freq", {"reading": "めがね", "frequency": {"value": 5, "displayValue": "N5"}}],
	["もう", "freq", {"reading": "もう", "frequency": {"value": 5, "displayValue": "N5"}}],
	["もう一度", "freq", {"reading": "もういちど", "frequency": {"value": 5, "displayValue": "N5"}}],
	["木曜日", "freq", {"reading": "もくようび", "frequency": {"value": 5, "displayValue": "N5"}}],
	["持つ", "freq", {"reading": "もつ", "frequency": {"value": 5, "displayValue": "N5"}}],
	["もっと", "freq", {"reading": "もっと", "frequency": {"value": 5, "displayValue": "N5"}}],
	["物", "freq", {"reading": "もの", "frequency": {"value": 5, "displayValue": "N5"}}],
	["門", "freq", {"reading": "もん", "frequency": {"value": 5, "displayValue": "N5"}}],
	["問題", "freq", {"reading": "もんだい", "frequency": {"value": 5, "displayValue": "N5"}}],
	["八百屋", "freq", {"reading": "やおや", "frequency": {"value": 5, "displayValue": "N5"}}],
	["野菜", "freq", {"reading": "やさい", "frequency": {"value": 5, "displayValue": "N5"}}],
	["易しい", "freq", {"reading": "やさしい", "frequency": {"value": 5, "displayValue": "N5"}}],
	["安い", "freq", {"reading": "やすい", "frequency": {"value": 5, "displayValue": "N5"}}],
	["休み", "freq", {"reading": "やすみ", "frequency": {"value": 5, "displayValue": "N5"}}],
	["休む", "freq", {"reading": "やすむ", "frequency": {"value": 5, "displayValue": "N5"}}],
	["八つ", "freq", {"reading": "やっつ", "frequency": {"value": 5, "displayValue": "N5"}}],
	["山", "freq", {"reading": "やま", "frequency": {"value": 5, "displayValue": "N5"}}],
	["遣る", "freq", {"reading": "やる", "frequency": {"value": 5, "displayValue": "N5"}}],
	["夕方", "freq", {"reading": "ゆうがた", "frequency": {"value": 5, "displayValue": "N5"}}],
	["夕飯", "freq", {"reading": "ゆうはん", "frequency": {"value": 5, "displayValue": "N5"}}],
	["郵便局", "freq", {"reading": "ゆうびんきょく", "frequency": {"value": 5, "displayValue": "N5"}}],
	["昨夜", "freq", {"reading": "ゆうべ", "frequency": {"value": 5, "displayValue": "N5"}}],
	["有名", "freq", {"reading": "ゆうめい", "frequency": {"value": 5, "displayValue": "N5"}}],
	["雪", "freq", {"reading": "ゆき", "frequency": {"value": 5, "displayValue": "N5"}}],
	["行く", "freq", {"reading": "ゆく", "frequency": {"value": 5, "displayValue": "N5"}}],
	["ゆっくり", "freq", {"reading": "ゆっくり", "frequency": {"value": 5, "displayValue": "N5"}}],
	["８日", "freq", {"reading": "ようか", "frequency": {"value": 5, "displayValue": "N5"}}],
	["八日", "freq", {"reading": "ようか", "frequency": {"value": 5, "displayValue": "N5"}}],
	["洋服", "freq", {"reading": "ようふく", "frequency": {"value": 5, "displayValue": "N5"}}],
	["良く", "freq", {"reading": "よく", "frequency": {"value": 5, "displayValue": "N5"}}],
	["横", "freq", {"reading": "よこ", "frequency": {"value": 5, "displayValue": "N5"}}],
	["４日", "freq", {"reading": "よっか", "frequency": {"value": 5, "displayValue": "N5"}}],
	["四日", "freq", {"reading": "よっか", "frequency": {"value": 5, "displayValue": "N5"}}],
	["四つ", "freq", {"reading": "よっつ", "frequency": {"value": 5, "displayValue": "N5"}}],
	["呼ぶ", "freq", {"reading": "よぶ", "frequency": {"value": 5, "displayValue": "N5"}}],
	["読む", "freq", {"reading": "よむ", "frequency": {"value": 5, "displayValue": "N5"}}],
	["夜", "freq", {"reading": "よる", "frequency": {"value": 5, "displayValue": "N5"}}],
	["弱い", "freq", {"reading": "よわい", "frequency": {"value": 5, "displayValue": "N5"}}],
	["来月", "freq", {"reading": "らいげつ", "frequency": {"value": 5, "displayValue": "N5"}}],
	["来週", "freq", {"reading": "らいしゅう", "frequency": {"value": 5, "displayValue": "N5"}}],
	["来年", "freq", {"reading": "らいねん", "frequency": {"value": 5, "displayValue": "N5"}}],
	["ラジオ", "freq", {"reading": "ラジオ", "frequency": {"value": 5, "displayValue": "N5"}}],
	["ラジカセ", "freq", {"reading": "ラジカセ", "frequency": {"value": 5, "displayValue": "N5"}}],
	["ラジオカセット", "freq", {"reading": "ラジオカセット", "frequency": {"value": 5, "displayValue": "N5"}}],
	["立派", "freq", {"reading": "りっぱ", "frequency": {"value": 5, "displayValue": "N5"}}],
	["留学生", "freq", {"reading": "りゅうがくせい", "frequency": {"value": 5, "displayValue": "N5"}}],
	["両親", "freq", {"reading": "りょうしん", "frequency": {"value": 5, "displayValue": "N5"}}],
	["料理", "freq", {"reading": "りょうり", "frequency": {"value": 5, "displayValue": "N5"}}],
	["旅行", "freq", {"reading": "りょこう", "frequency": {"value": 5, "displayValue": "N5"}}],
	["零", "freq", {"reading": "れい", "frequency": {"value": 5, "displayValue": "N5"}}],
	["冷蔵庫", "freq", {"reading": "れいぞうこ", "frequency": {"value": 5, "displayValue": "N5"}}],
	["レコード", "freq", {"reading": "レコード", "frequency": {"value": 5, "displayValue": "N5"}}],
	["レストラン", "freq", {"reading": "レストラン", "frequency": {"value": 5, "displayValue": "N5"}}],
	["練習", "freq", {"reading": "れんしゅう", "frequency": {"value": 5, "displayValue": "N5"}}],
	["廊下", "freq", {"reading": "ろうか", "frequency": {"value": 5, "displayValue": "N5"}}],
	["六", "freq", {"reading": "ろく", "frequency": {"value": 5, "displayValue": "N5"}}],
	["Ｙシャツ", "freq", {"reading": "ワイシャツ", "frequency": {"value": 5, "displayValue": "N5"}}],
	["若い", "freq", {"reading": "わかい", "frequency": {"value": 5, "displayValue": "N5"}}],
	["分かる", "freq", {"reading": "わかる", "frequency": {"value": 5, "displayValue": "N5"}}],
	["忘れる", "freq", {"reading": "わすれる", "frequency": {"value": 5, "displayValue": "N5"}}],
	["私", "freq", {"reading": "わたくし", "frequency": {"value": 5, "displayValue": "N5"}}],
	["私", "freq", {"reading": "わたし", "frequency": {"value": 5, "displayValue": "N5"}}],
	["渡す", "freq", {"reading": "わたす", "frequency": {"value": 5, "displayValue": "N5"}}],
	["渡る", "freq", {"reading": "わたる", "frequency": {"value": 5, "displayValue": "N5"}}],
	["悪い", "freq", {"reading": "わるい", "frequency": {"value": 5, "displayValue": "N5"}}],
	["より", "freq", {"reading": "より", "frequency": {"value": 5, "displayValue": "N5"}}],
	["方", "freq", {"reading": "ほう", "frequency": {"value": 5, "displayValue": "N5"}}]
]