[
	["あっ", "freq", {"reading": "あっ", "frequency": {"value": 4, "displayValue": "N4"}}],
	["アッ", "freq", {"reading": "アッ", "frequency": {"value": 4, "displayValue": "N4"}}],
	["ああ", "freq", {"reading": "ああ", "frequency": {"value": 4, "displayValue": "N4"}}],
	["挨拶", "freq", {"reading": "あいさつ", "frequency": {"value": 4, "displayValue": "N4"}}],
	["間", "freq", {"reading": "あいだ", "frequency": {"value": 4, "displayValue": "N4"}}],
	["合う", "freq", {"reading": "あう", "frequency": {"value": 4, "displayValue": "N4"}}],
	["赤ちゃん", "freq", {"reading": "あかちゃん", "frequency": {"value": 4, "displayValue": "N4"}}],
	["上がる", "freq", {"reading": "あがる", "frequency": {"value": 4, "displayValue": "N4"}}],
	["挙がる", "freq", {"reading": "あがる", "frequency": {"value": 4, "displayValue": "N4"}}],
	["揚がる", "freq", {"reading": "あがる", "frequency": {"value": 4, "displayValue": "N4"}}],
	["赤ん坊", "freq", {"reading": "あかんぼう", "frequency": {"value": 4, "displayValue": "N4"}}],
	["空く", "freq", {"reading": "あく", "frequency": {"value": 4, "displayValue": "N4"}}],
	["アクセサリー", "freq", {"reading": "アクセサリー", "frequency": {"value": 4, "displayValue": "N4"}}],
	["浅い", "freq", {"reading": "あさい", "frequency": {"value": 4, "displayValue": "N4"}}],
	["味", "freq", {"reading": "あじ", "frequency": {"value": 4, "displayValue": "N4"}}],
	["アジア", "freq", {"reading": "アジア", "frequency": {"value": 4, "displayValue": "N4"}}],
	["明日", "freq", {"reading": "あす", "frequency": {"value": 4, "displayValue": "N4"}}],
	["遊び", "freq", {"reading": "あそび", "frequency": {"value": 4, "displayValue": "N4"}}],
	["集まる", "freq", {"reading": "あつまる", "frequency": {"value": 4, "displayValue": "N4"}}],
	["集める", "freq", {"reading": "あつめる", "frequency": {"value": 4, "displayValue": "N4"}}],
	["アナウンサー", "freq", {"reading": "アナウンサー", "frequency": {"value": 4, "displayValue": "N4"}}],
	["アフリカ", "freq", {"reading": "アフリカ", "frequency": {"value": 4, "displayValue": "N4"}}],
	["アメリカ", "freq", {"reading": "アメリカ", "frequency": {"value": 4, "displayValue": "N4"}}],
	["謝る", "freq", {"reading": "あやまる", "frequency": {"value": 4, "displayValue": "N4"}}],
	["アルコール", "freq", {"reading": "アルコール", "frequency": {"value": 4, "displayValue": "N4"}}],
	["アルバイト", "freq", {"reading": "アルバイト", "frequency": {"value": 4, "displayValue": "N4"}}],
	["安心", "freq", {"reading": "あんしん", "frequency": {"value": 4, "displayValue": "N4"}}],
	["安全", "freq", {"reading": "あんぜん", "frequency": {"value": 4, "displayValue": "N4"}}],
	["あんな", "freq", {"reading": "あんな", "frequency": {"value": 4, "displayValue": "N4"}}],
	["案内", "freq", {"reading": "あんない", "frequency": {"value": 4, "displayValue": "N4"}}],
	["以下", "freq", {"reading": "いか", "frequency": {"value": 4, "displayValue": "N4"}}],
	["以外", "freq", {"reading": "いがい", "frequency": {"value": 4, "displayValue": "N4"}}],
	["医学", "freq", {"reading": "いがく", "frequency": {"value": 4, "displayValue": "N4"}}],
	["生きる", "freq", {"reading": "いきる", "frequency": {"value": 4, "displayValue": "N4"}}],
	["意見", "freq", {"reading": "いけん", "frequency": {"value": 4, "displayValue": "N4"}}],
	["石", "freq", {"reading": "いし", "frequency": {"value": 4, "displayValue": "N4"}}],
	["苛める", "freq", {"reading": "いじめる", "frequency": {"value": 4, "displayValue": "N4"}}],
	["以上", "freq", {"reading": "いじょう", "frequency": {"value": 4, "displayValue": "N4"}}],
	["急ぐ", "freq", {"reading": "いそぐ", "frequency": {"value": 4, "displayValue": "N4"}}],
	["致す", "freq", {"reading": "いたす", "frequency": {"value": 4, "displayValue": "N4"}}],
	["頂く", "freq", {"reading": "いただく", "frequency": {"value": 4, "displayValue": "N4"}}],
	["一度", "freq", {"reading": "いちど", "frequency": {"value": 4, "displayValue": "N4"}}],
	["一生懸命", "freq", {"reading": "いっしょうけんめい", "frequency": {"value": 4, "displayValue": "N4"}}],
	["一杯", "freq", {"reading": "いっぱい", "frequency": {"value": 4, "displayValue": "N4"}}],
	["糸", "freq", {"reading": "いと", "frequency": {"value": 4, "displayValue": "N4"}}],
	["以内", "freq", {"reading": "いない", "frequency": {"value": 4, "displayValue": "N4"}}],
	["田舎", "freq", {"reading": "いなか", "frequency": {"value": 4, "displayValue": "N4"}}],
	["祈る", "freq", {"reading": "いのる", "frequency": {"value": 4, "displayValue": "N4"}}],
	["いらっしゃる", "freq", {"reading": "いらっしゃる", "frequency": {"value": 4, "displayValue": "N4"}}],
	["植える", "freq", {"reading": "うえる", "frequency": {"value": 4, "displayValue": "N4"}}],
	["伺う", "freq", {"reading": "うかがう", "frequency": {"value": 4, "displayValue": "N4"}}],
	["受付", "freq", {"reading": "うけつけ", "frequency": {"value": 4, "displayValue": "N4"}}],
	["受ける", "freq", {"reading": "うける", "frequency": {"value": 4, "displayValue": "N4"}}],
	["動く", "freq", {"reading": "うごく", "frequency": {"value": 4, "displayValue": "N4"}}],
	["嘘", "freq", {"reading": "うそ", "frequency": {"value": 4, "displayValue": "N4"}}],
	["内", "freq", {"reading": "うち", "frequency": {"value": 4, "displayValue": "N4"}}],
	["打つ", "freq", {"reading": "うつ", "frequency": {"value": 4, "displayValue": "N4"}}],
	["美しい", "freq", {"reading": "うつくしい", "frequency": {"value": 4, "displayValue": "N4"}}],
	["写す", "freq", {"reading": "うつす", "frequency": {"value": 4, "displayValue": "N4"}}],
	["移る", "freq", {"reading": "うつる", "frequency": {"value": 4, "displayValue": "N4"}}],
	["腕", "freq", {"reading": "うで", "frequency": {"value": 4, "displayValue": "N4"}}],
	["上手い", "freq", {"reading": "うまい", "frequency": {"value": 4, "displayValue": "N4"}}],
	["裏", "freq", {"reading": "うら", "frequency": {"value": 4, "displayValue": "N4"}}],
	["売り場", "freq", {"reading": "うりば", "frequency": {"value": 4, "displayValue": "N4"}}],
	["嬉しい", "freq", {"reading": "うれしい", "frequency": {"value": 4, "displayValue": "N4"}}],
	["うん", "freq", {"reading": "うん", "frequency": {"value": 4, "displayValue": "N4"}}],
	["運転", "freq", {"reading": "うんてん", "frequency": {"value": 4, "displayValue": "N4"}}],
	["運転手", "freq", {"reading": "うんてんしゅ", "frequency": {"value": 4, "displayValue": "N4"}}],
	["運動", "freq", {"reading": "うんどう", "frequency": {"value": 4, "displayValue": "N4"}}],
	["エスカレーター", "freq", {"reading": "エスカレーター", "frequency": {"value": 4, "displayValue": "N4"}}],
	["枝", "freq", {"reading": "えだ", "frequency": {"value": 4, "displayValue": "N4"}}],
	["選ぶ", "freq", {"reading": "えらぶ", "frequency": {"value": 4, "displayValue": "N4"}}],
	["遠慮", "freq", {"reading": "えんりょ", "frequency": {"value": 4, "displayValue": "N4"}}],
	["お出でになる", "freq", {"reading": "おいでになる", "frequency": {"value": 4, "displayValue": "N4"}}],
	["お祝い", "freq", {"reading": "おいわい", "frequency": {"value": 4, "displayValue": "N4"}}],
	["オートバイ", "freq", {"reading": "オートバイ", "frequency": {"value": 4, "displayValue": "N4"}}],
	["お陰", "freq", {"reading": "おかげ", "frequency": {"value": 4, "displayValue": "N4"}}],
	["おかしい", "freq", {"reading": "おかしい", "frequency": {"value": 4, "displayValue": "N4"}}],
	["億", "freq", {"reading": "おく", "frequency": {"value": 4, "displayValue": "N4"}}],
	["屋上", "freq", {"reading": "おくじょう", "frequency": {"value": 4, "displayValue": "N4"}}],
	["贈り物", "freq", {"reading": "おくりもの", "frequency": {"value": 4, "displayValue": "N4"}}],
	["送る", "freq", {"reading": "おくる", "frequency": {"value": 4, "displayValue": "N4"}}],
	["遅れる", "freq", {"reading": "おくれる", "frequency": {"value": 4, "displayValue": "N4"}}],
	["起こす", "freq", {"reading": "おこす", "frequency": {"value": 4, "displayValue": "N4"}}],
	["行う", "freq", {"reading": "おこなう", "frequency": {"value": 4, "displayValue": "N4"}}],
	["怒る", "freq", {"reading": "おこる", "frequency": {"value": 4, "displayValue": "N4"}}],
	["押入れ", "freq", {"reading": "おしいれ", "frequency": {"value": 4, "displayValue": "N4"}}],
	["押し入れ", "freq", {"reading": "おしいれ", "frequency": {"value": 4, "displayValue": "N4"}}],
	["お嬢さん", "freq", {"reading": "おじょうさん", "frequency": {"value": 4, "displayValue": "N4"}}],
	["お宅", "freq", {"reading": "おたく", "frequency": {"value": 4, "displayValue": "N4"}}],
	["落ちる", "freq", {"reading": "おちる", "frequency": {"value": 4, "displayValue": "N4"}}],
	["仰る", "freq", {"reading": "おっしゃる", "frequency": {"value": 4, "displayValue": "N4"}}],
	["夫", "freq", {"reading": "おっと", "frequency": {"value": 4, "displayValue": "N4"}}],
	["お釣り", "freq", {"reading": "おつり", "frequency": {"value": 4, "displayValue": "N4"}}],
	["音", "freq", {"reading": "おと", "frequency": {"value": 4, "displayValue": "N4"}}],
	["落とす", "freq", {"reading": "おとす", "frequency": {"value": 4, "displayValue": "N4"}}],
	["踊り", "freq", {"reading": "おどり", "frequency": {"value": 4, "displayValue": "N4"}}],
	["踊る", "freq", {"reading": "おどる", "frequency": {"value": 4, "displayValue": "N4"}}],
	["驚く", "freq", {"reading": "おどろく", "frequency": {"value": 4, "displayValue": "N4"}}],
	["お祭り", "freq", {"reading": "おまつり", "frequency": {"value": 4, "displayValue": "N4"}}],
	["お見舞い", "freq", {"reading": "おみまい", "frequency": {"value": 4, "displayValue": "N4"}}],
	["お土産", "freq", {"reading": "おみやげ", "frequency": {"value": 4, "displayValue": "N4"}}],
	["思い出す", "freq", {"reading": "おもいだす", "frequency": {"value": 4, "displayValue": "N4"}}],
	["思う", "freq", {"reading": "おもう", "frequency": {"value": 4, "displayValue": "N4"}}],
	["玩具", "freq", {"reading": "おもちゃ", "frequency": {"value": 4, "displayValue": "N4"}}],
	["表", "freq", {"reading": "おもて", "frequency": {"value": 4, "displayValue": "N4"}}],
	["親", "freq", {"reading": "おや", "frequency": {"value": 4, "displayValue": "N4"}}],
	["下りる", "freq", {"reading": "おりる", "frequency": {"value": 4, "displayValue": "N4"}}],
	["折る", "freq", {"reading": "おる", "frequency": {"value": 4, "displayValue": "N4"}}],
	["お礼", "freq", {"reading": "おれい", "frequency": {"value": 4, "displayValue": "N4"}}],
	["折れる", "freq", {"reading": "おれる", "frequency": {"value": 4, "displayValue": "N4"}}],
	["終わり", "freq", {"reading": "おわり", "frequency": {"value": 4, "displayValue": "N4"}}],
	["カーテン", "freq", {"reading": "カーテン", "frequency": {"value": 4, "displayValue": "N4"}}],
	["海岸", "freq", {"reading": "かいがん", "frequency": {"value": 4, "displayValue": "N4"}}],
	["会議", "freq", {"reading": "かいぎ", "frequency": {"value": 4, "displayValue": "N4"}}],
	["会議室", "freq", {"reading": "かいぎしつ", "frequency": {"value": 4, "displayValue": "N4"}}],
	["会場", "freq", {"reading": "かいじょう", "frequency": {"value": 4, "displayValue": "N4"}}],
	["会話", "freq", {"reading": "かいわ", "frequency": {"value": 4, "displayValue": "N4"}}],
	["帰り", "freq", {"reading": "かえり", "frequency": {"value": 4, "displayValue": "N4"}}],
	["変える", "freq", {"reading": "かえる", "frequency": {"value": 4, "displayValue": "N4"}}],
	["科学", "freq", {"reading": "かがく", "frequency": {"value": 4, "displayValue": "N4"}}],
	["鏡", "freq", {"reading": "かがみ", "frequency": {"value": 4, "displayValue": "N4"}}],
	["飾る", "freq", {"reading": "かざる", "frequency": {"value": 4, "displayValue": "N4"}}],
	["火事", "freq", {"reading": "かじ", "frequency": {"value": 4, "displayValue": "N4"}}],
	["ガス", "freq", {"reading": "ガス", "frequency": {"value": 4, "displayValue": "N4"}}],
	["ガソリン", "freq", {"reading": "ガソリン", "frequency": {"value": 4, "displayValue": "N4"}}],
	["ガソリンスタンド", "freq", {"reading": "ガソリンスタンド", "frequency": {"value": 4, "displayValue": "N4"}}],
	["硬い", "freq", {"reading": "かたい", "frequency": {"value": 4, "displayValue": "N4"}}],
	["固い", "freq", {"reading": "かたい", "frequency": {"value": 4, "displayValue": "N4"}}],
	["堅い", "freq", {"reading": "かたい", "frequency": {"value": 4, "displayValue": "N4"}}],
	["形", "freq", {"reading": "かたち", "frequency": {"value": 4, "displayValue": "N4"}}],
	["片付ける", "freq", {"reading": "かたづける", "frequency": {"value": 4, "displayValue": "N4"}}],
	["課長", "freq", {"reading": "かちょう", "frequency": {"value": 4, "displayValue": "N4"}}],
	["勝つ", "freq", {"reading": "かつ", "frequency": {"value": 4, "displayValue": "N4"}}],
	["格好", "freq", {"reading": "かっこう", "frequency": {"value": 4, "displayValue": "N4"}}],
	["家内", "freq", {"reading": "かない", "frequency": {"value": 4, "displayValue": "N4"}}],
	["悲しい", "freq", {"reading": "かなしい", "frequency": {"value": 4, "displayValue": "N4"}}],
	["必ず", "freq", {"reading": "かならず", "frequency": {"value": 4, "displayValue": "N4"}}],
	["お金持ち", "freq", {"reading": "おかねもち", "frequency": {"value": 4, "displayValue": "N4"}}],
	["金持ち", "freq", {"reading": "かねもち", "frequency": {"value": 4, "displayValue": "N4"}}],
	["彼女", "freq", {"reading": "かのじょ", "frequency": {"value": 4, "displayValue": "N4"}}],
	["壁", "freq", {"reading": "かべ", "frequency": {"value": 4, "displayValue": "N4"}}],
	["構う", "freq", {"reading": "かまう", "frequency": {"value": 4, "displayValue": "N4"}}],
	["髪", "freq", {"reading": "かみ", "frequency": {"value": 4, "displayValue": "N4"}}],
	["噛む", "freq", {"reading": "かむ", "frequency": {"value": 4, "displayValue": "N4"}}],
	["通う", "freq", {"reading": "かよう", "frequency": {"value": 4, "displayValue": "N4"}}],
	["ガラス", "freq", {"reading": "ガラス", "frequency": {"value": 4, "displayValue": "N4"}}],
	["彼", "freq", {"reading": "かれ", "frequency": {"value": 4, "displayValue": "N4"}}],
	["彼ら", "freq", {"reading": "かれら", "frequency": {"value": 4, "displayValue": "N4"}}],
	["乾く", "freq", {"reading": "かわく", "frequency": {"value": 4, "displayValue": "N4"}}],
	["代わり", "freq", {"reading": "かわり", "frequency": {"value": 4, "displayValue": "N4"}}],
	["変わる", "freq", {"reading": "かわる", "frequency": {"value": 4, "displayValue": "N4"}}],
	["考える", "freq", {"reading": "かんがえる", "frequency": {"value": 4, "displayValue": "N4"}}],
	["関係", "freq", {"reading": "かんけい", "frequency": {"value": 4, "displayValue": "N4"}}],
	["看護婦", "freq", {"reading": "かんごふ", "frequency": {"value": 4, "displayValue": "N4"}}],
	["簡単", "freq", {"reading": "かんたん", "frequency": {"value": 4, "displayValue": "N4"}}],
	["気", "freq", {"reading": "き", "frequency": {"value": 4, "displayValue": "N4"}}],
	["機会", "freq", {"reading": "きかい", "frequency": {"value": 4, "displayValue": "N4"}}],
	["危険", "freq", {"reading": "きけん", "frequency": {"value": 4, "displayValue": "N4"}}],
	["聞こえる", "freq", {"reading": "きこえる", "frequency": {"value": 4, "displayValue": "N4"}}],
	["汽車", "freq", {"reading": "きしゃ", "frequency": {"value": 4, "displayValue": "N4"}}],
	["技術", "freq", {"reading": "ぎじゅつ", "frequency": {"value": 4, "displayValue": "N4"}}],
	["季節", "freq", {"reading": "きせつ", "frequency": {"value": 4, "displayValue": "N4"}}],
	["規則", "freq", {"reading": "きそく", "frequency": {"value": 4, "displayValue": "N4"}}],
	["きっと", "freq", {"reading": "きっと", "frequency": {"value": 4, "displayValue": "N4"}}],
	["絹", "freq", {"reading": "きぬ", "frequency": {"value": 4, "displayValue": "N4"}}],
	["厳しい", "freq", {"reading": "きびしい", "frequency": {"value": 4, "displayValue": "N4"}}],
	["気分", "freq", {"reading": "きぶん", "frequency": {"value": 4, "displayValue": "N4"}}],
	["決まる", "freq", {"reading": "きまる", "frequency": {"value": 4, "displayValue": "N4"}}],
	["君", "freq", {"reading": "きみ", "frequency": {"value": 4, "displayValue": "N4"}}],
	["決める", "freq", {"reading": "きめる", "frequency": {"value": 4, "displayValue": "N4"}}],
	["気持ち", "freq", {"reading": "きもち", "frequency": {"value": 4, "displayValue": "N4"}}],
	["着物", "freq", {"reading": "きもの", "frequency": {"value": 4, "displayValue": "N4"}}],
	["客", "freq", {"reading": "きゃく", "frequency": {"value": 4, "displayValue": "N4"}}],
	["急", "freq", {"reading": "きゅう", "frequency": {"value": 4, "displayValue": "N4"}}],
	["急行", "freq", {"reading": "きゅうこう", "frequency": {"value": 4, "displayValue": "N4"}}],
	["教育", "freq", {"reading": "きょういく", "frequency": {"value": 4, "displayValue": "N4"}}],
	["教会", "freq", {"reading": "きょうかい", "frequency": {"value": 4, "displayValue": "N4"}}],
	["競争", "freq", {"reading": "きょうそう", "frequency": {"value": 4, "displayValue": "N4"}}],
	["興味", "freq", {"reading": "きょうみ", "frequency": {"value": 4, "displayValue": "N4"}}],
	["近所", "freq", {"reading": "きんじょ", "frequency": {"value": 4, "displayValue": "N4"}}],
	["具合", "freq", {"reading": "ぐあい", "frequency": {"value": 4, "displayValue": "N4"}}],
	["空気", "freq", {"reading": "くうき", "frequency": {"value": 4, "displayValue": "N4"}}],
	["空港", "freq", {"reading": "くうこう", "frequency": {"value": 4, "displayValue": "N4"}}],
	["草", "freq", {"reading": "くさ", "frequency": {"value": 4, "displayValue": "N4"}}],
	["下さる", "freq", {"reading": "くださる", "frequency": {"value": 4, "displayValue": "N4"}}],
	["首", "freq", {"reading": "くび", "frequency": {"value": 4, "displayValue": "N4"}}],
	["雲", "freq", {"reading": "くも", "frequency": {"value": 4, "displayValue": "N4"}}],
	["比べる", "freq", {"reading": "くらべる", "frequency": {"value": 4, "displayValue": "N4"}}],
	["くれる", "freq", {"reading": "くれる", "frequency": {"value": 4, "displayValue": "N4"}}],
	["暮れる", "freq", {"reading": "くれる", "frequency": {"value": 4, "displayValue": "N4"}}],
	["君", "freq", {"reading": "くん", "frequency": {"value": 4, "displayValue": "N4"}}],
	["毛", "freq", {"reading": "け", "frequency": {"value": 4, "displayValue": "N4"}}],
	["計画", "freq", {"reading": "けいかく", "frequency": {"value": 4, "displayValue": "N4"}}],
	["経験", "freq", {"reading": "けいけん", "frequency": {"value": 4, "displayValue": "N4"}}],
	["経済", "freq", {"reading": "けいざい", "frequency": {"value": 4, "displayValue": "N4"}}],
	["警察", "freq", {"reading": "けいさつ", "frequency": {"value": 4, "displayValue": "N4"}}],
	["ケーキ", "freq", {"reading": "ケーキ", "frequency": {"value": 4, "displayValue": "N4"}}],
	["怪我", "freq", {"reading": "けが", "frequency": {"value": 4, "displayValue": "N4"}}],
	["景色", "freq", {"reading": "けしき", "frequency": {"value": 4, "displayValue": "N4"}}],
	["消しゴム", "freq", {"reading": "けしゴム", "frequency": {"value": 4, "displayValue": "N4"}}],
	["下宿", "freq", {"reading": "げしゅく", "frequency": {"value": 4, "displayValue": "N4"}}],
	["決して", "freq", {"reading": "けっして", "frequency": {"value": 4, "displayValue": "N4"}}],
	["けれど", "freq", {"reading": "けれど", "frequency": {"value": 4, "displayValue": "N4"}}],
	["けれども", "freq", {"reading": "けれども", "frequency": {"value": 4, "displayValue": "N4"}}],
	["原因", "freq", {"reading": "げんいん", "frequency": {"value": 4, "displayValue": "N4"}}],
	["喧嘩", "freq", {"reading": "けんか", "frequency": {"value": 4, "displayValue": "N4"}}],
	["研究", "freq", {"reading": "けんきゅう", "frequency": {"value": 4, "displayValue": "N4"}}],
	["研究室", "freq", {"reading": "けんきゅうしつ", "frequency": {"value": 4, "displayValue": "N4"}}],
	["見物", "freq", {"reading": "けんぶつ", "frequency": {"value": 4, "displayValue": "N4"}}],
	["子", "freq", {"reading": "こ", "frequency": {"value": 4, "displayValue": "N4"}}],
	["こう", "freq", {"reading": "こう", "frequency": {"value": 4, "displayValue": "N4"}}],
	["郊外", "freq", {"reading": "こうがい", "frequency": {"value": 4, "displayValue": "N4"}}],
	["講義", "freq", {"reading": "こうぎ", "frequency": {"value": 4, "displayValue": "N4"}}],
	["工業", "freq", {"reading": "こうぎょう", "frequency": {"value": 4, "displayValue": "N4"}}],
	["高校", "freq", {"reading": "こうこう", "frequency": {"value": 4, "displayValue": "N4"}}],
	["高校生", "freq", {"reading": "こうこうせい", "frequency": {"value": 4, "displayValue": "N4"}}],
	["工場", "freq", {"reading": "こうじょう", "frequency": {"value": 4, "displayValue": "N4"}}],
	["校長", "freq", {"reading": "こうちょう", "frequency": {"value": 4, "displayValue": "N4"}}],
	["交通", "freq", {"reading": "こうつう", "frequency": {"value": 4, "displayValue": "N4"}}],
	["講堂", "freq", {"reading": "こうどう", "frequency": {"value": 4, "displayValue": "N4"}}],
	["高等学校", "freq", {"reading": "こうとうがっこう", "frequency": {"value": 4, "displayValue": "N4"}}],
	["公務員", "freq", {"reading": "こうむいん", "frequency": {"value": 4, "displayValue": "N4"}}],
	["国際", "freq", {"reading": "こくさい", "frequency": {"value": 4, "displayValue": "N4"}}],
	["心", "freq", {"reading": "こころ", "frequency": {"value": 4, "displayValue": "N4"}}],
	["ご主人", "freq", {"reading": "ごしゅじん", "frequency": {"value": 4, "displayValue": "N4"}}],
	["故障", "freq", {"reading": "こしょう", "frequency": {"value": 4, "displayValue": "N4"}}],
	["ご存知", "freq", {"reading": "ごぞんじ", "frequency": {"value": 4, "displayValue": "N4"}}],
	["答え", "freq", {"reading": "こたえ", "frequency": {"value": 4, "displayValue": "N4"}}],
	["答", "freq", {"reading": "こたえ", "frequency": {"value": 4, "displayValue": "N4"}}],
	["ご馳走", "freq", {"reading": "ごちそう", "frequency": {"value": 4, "displayValue": "N4"}}],
	["こと", "freq", {"reading": "こと", "frequency": {"value": 4, "displayValue": "N4"}}],
	["小鳥", "freq", {"reading": "ことり", "frequency": {"value": 4, "displayValue": "N4"}}],
	["この間", "freq", {"reading": "このあいだ", "frequency": {"value": 4, "displayValue": "N4"}}],
	["この頃", "freq", {"reading": "このごろ", "frequency": {"value": 4, "displayValue": "N4"}}],
	["細かい", "freq", {"reading": "こまかい", "frequency": {"value": 4, "displayValue": "N4"}}],
	["ごみ", "freq", {"reading": "ごみ", "frequency": {"value": 4, "displayValue": "N4"}}],
	["込む", "freq", {"reading": "こむ", "frequency": {"value": 4, "displayValue": "N4"}}],
	["米", "freq", {"reading": "こめ", "frequency": {"value": 4, "displayValue": "N4"}}],
	["ご覧になる", "freq", {"reading": "ごらんになる", "frequency": {"value": 4, "displayValue": "N4"}}],
	["これから", "freq", {"reading": "これから", "frequency": {"value": 4, "displayValue": "N4"}}],
	["怖い", "freq", {"reading": "こわい", "frequency": {"value": 4, "displayValue": "N4"}}],
	["壊す", "freq", {"reading": "こわす", "frequency": {"value": 4, "displayValue": "N4"}}],
	["壊れる", "freq", {"reading": "こわれる", "frequency": {"value": 4, "displayValue": "N4"}}],
	["コンサート", "freq", {"reading": "コンサート", "frequency": {"value": 4, "displayValue": "N4"}}],
	["今度", "freq", {"reading": "こんど", "frequency": {"value": 4, "displayValue": "N4"}}],
	["コンピュータ", "freq", {"reading": "コンピュータ", "frequency": {"value": 4, "displayValue": "N4"}}],
	["コンピューター", "freq", {"reading": "コンピューター", "frequency": {"value": 4, "displayValue": "N4"}}],
	["今夜", "freq", {"reading": "こんや", "frequency": {"value": 4, "displayValue": "N4"}}],
	["最近", "freq", {"reading": "さいきん", "frequency": {"value": 4, "displayValue": "N4"}}],
	["最後", "freq", {"reading": "さいご", "frequency": {"value": 4, "displayValue": "N4"}}],
	["最初", "freq", {"reading": "さいしょ", "frequency": {"value": 4, "displayValue": "N4"}}],
	["坂", "freq", {"reading": "さか", "frequency": {"value": 4, "displayValue": "N4"}}],
	["探す", "freq", {"reading": "さがす", "frequency": {"value": 4, "displayValue": "N4"}}],
	["下がる", "freq", {"reading": "さがる", "frequency": {"value": 4, "displayValue": "N4"}}],
	["盛ん", "freq", {"reading": "さかん", "frequency": {"value": 4, "displayValue": "N4"}}],
	["下げる", "freq", {"reading": "さげる", "frequency": {"value": 4, "displayValue": "N4"}}],
	["差し上げる", "freq", {"reading": "さしあげる", "frequency": {"value": 4, "displayValue": "N4"}}],
	["さっき", "freq", {"reading": "さっき", "frequency": {"value": 4, "displayValue": "N4"}}],
	["寂しい", "freq", {"reading": "さびしい", "frequency": {"value": 4, "displayValue": "N4"}}],
	["再来月", "freq", {"reading": "さらいげつ", "frequency": {"value": 4, "displayValue": "N4"}}],
	["再来週", "freq", {"reading": "さらいしゅう", "frequency": {"value": 4, "displayValue": "N4"}}],
	["サラダ", "freq", {"reading": "サラダ", "frequency": {"value": 4, "displayValue": "N4"}}],
	["騒ぐ", "freq", {"reading": "さわぐ", "frequency": {"value": 4, "displayValue": "N4"}}],
	["触る", "freq", {"reading": "さわる", "frequency": {"value": 4, "displayValue": "N4"}}],
	["産業", "freq", {"reading": "さんぎょう", "frequency": {"value": 4, "displayValue": "N4"}}],
	["サンダル", "freq", {"reading": "サンダル", "frequency": {"value": 4, "displayValue": "N4"}}],
	["サンドイッチ", "freq", {"reading": "サンドイッチ", "frequency": {"value": 4, "displayValue": "N4"}}],
	["残念", "freq", {"reading": "ざんねん", "frequency": {"value": 4, "displayValue": "N4"}}],
	["市", "freq", {"reading": "し", "frequency": {"value": 4, "displayValue": "N4"}}],
	["字", "freq", {"reading": "じ", "frequency": {"value": 4, "displayValue": "N4"}}],
	["試合", "freq", {"reading": "しあい", "frequency": {"value": 4, "displayValue": "N4"}}],
	["仕方", "freq", {"reading": "しかた", "frequency": {"value": 4, "displayValue": "N4"}}],
	["然る", "freq", {"reading": "しかる", "frequency": {"value": 4, "displayValue": "N4"}}],
	["試験", "freq", {"reading": "しけん", "frequency": {"value": 4, "displayValue": "N4"}}],
	["事故", "freq", {"reading": "じこ", "frequency": {"value": 4, "displayValue": "N4"}}],
	["地震", "freq", {"reading": "じしん", "frequency": {"value": 4, "displayValue": "N4"}}],
	["時代", "freq", {"reading": "じだい", "frequency": {"value": 4, "displayValue": "N4"}}],
	["下着", "freq", {"reading": "したぎ", "frequency": {"value": 4, "displayValue": "N4"}}],
	["支度", "freq", {"reading": "したく", "frequency": {"value": 4, "displayValue": "N4"}}],
	["しっかり", "freq", {"reading": "しっかり", "frequency": {"value": 4, "displayValue": "N4"}}],
	["失敗", "freq", {"reading": "しっぱい", "frequency": {"value": 4, "displayValue": "N4"}}],
	["辞典", "freq", {"reading": "じてん", "frequency": {"value": 4, "displayValue": "N4"}}],
	["品物", "freq", {"reading": "しなもの", "frequency": {"value": 4, "displayValue": "N4"}}],
	["暫く", "freq", {"reading": "しばらく", "frequency": {"value": 4, "displayValue": "N4"}}],
	["島", "freq", {"reading": "しま", "frequency": {"value": 4, "displayValue": "N4"}}],
	["市民", "freq", {"reading": "しみん", "frequency": {"value": 4, "displayValue": "N4"}}],
	["事務所", "freq", {"reading": "じむしょ", "frequency": {"value": 4, "displayValue": "N4"}}],
	["社会", "freq", {"reading": "しゃかい", "frequency": {"value": 4, "displayValue": "N4"}}],
	["社長", "freq", {"reading": "しゃちょう", "frequency": {"value": 4, "displayValue": "N4"}}],
	["邪魔", "freq", {"reading": "じゃま", "frequency": {"value": 4, "displayValue": "N4"}}],
	["ジャム", "freq", {"reading": "ジャム", "frequency": {"value": 4, "displayValue": "N4"}}],
	["自由", "freq", {"reading": "じゆう", "frequency": {"value": 4, "displayValue": "N4"}}],
	["習慣", "freq", {"reading": "しゅうかん", "frequency": {"value": 4, "displayValue": "N4"}}],
	["住所", "freq", {"reading": "じゅうしょ", "frequency": {"value": 4, "displayValue": "N4"}}],
	["柔道", "freq", {"reading": "じゅうどう", "frequency": {"value": 4, "displayValue": "N4"}}],
	["十分", "freq", {"reading": "じゅうぶん", "frequency": {"value": 4, "displayValue": "N4"}}],
	["出席", "freq", {"reading": "しゅっせき", "frequency": {"value": 4, "displayValue": "N4"}}],
	["出発", "freq", {"reading": "しゅっぱつ", "frequency": {"value": 4, "displayValue": "N4"}}],
	["趣味", "freq", {"reading": "しゅみ", "frequency": {"value": 4, "displayValue": "N4"}}],
	["準備", "freq", {"reading": "じゅんび", "frequency": {"value": 4, "displayValue": "N4"}}],
	["紹介", "freq", {"reading": "しょうかい", "frequency": {"value": 4, "displayValue": "N4"}}],
	["小学校", "freq", {"reading": "しょうがっこう", "frequency": {"value": 4, "displayValue": "N4"}}],
	["小説", "freq", {"reading": "しょうせつ", "frequency": {"value": 4, "displayValue": "N4"}}],
	["招待", "freq", {"reading": "しょうたい", "frequency": {"value": 4, "displayValue": "N4"}}],
	["承知", "freq", {"reading": "しょうち", "frequency": {"value": 4, "displayValue": "N4"}}],
	["将来", "freq", {"reading": "しょうらい", "frequency": {"value": 4, "displayValue": "N4"}}],
	["食事", "freq", {"reading": "しょくじ", "frequency": {"value": 4, "displayValue": "N4"}}],
	["食料品", "freq", {"reading": "しょくりょうひん", "frequency": {"value": 4, "displayValue": "N4"}}],
	["女性", "freq", {"reading": "じょせい", "frequency": {"value": 4, "displayValue": "N4"}}],
	["知らせる", "freq", {"reading": "しらせる", "frequency": {"value": 4, "displayValue": "N4"}}],
	["調べる", "freq", {"reading": "しらべる", "frequency": {"value": 4, "displayValue": "N4"}}],
	["人口", "freq", {"reading": "じんこう", "frequency": {"value": 4, "displayValue": "N4"}}],
	["神社", "freq", {"reading": "じんじゃ", "frequency": {"value": 4, "displayValue": "N4"}}],
	["親切", "freq", {"reading": "しんせつ", "frequency": {"value": 4, "displayValue": "N4"}}],
	["心配", "freq", {"reading": "しんぱい", "frequency": {"value": 4, "displayValue": "N4"}}],
	["新聞社", "freq", {"reading": "しんぶんしゃ", "frequency": {"value": 4, "displayValue": "N4"}}],
	["水泳", "freq", {"reading": "すいえい", "frequency": {"value": 4, "displayValue": "N4"}}],
	["水道", "freq", {"reading": "すいどう", "frequency": {"value": 4, "displayValue": "N4"}}],
	["随分", "freq", {"reading": "ずいぶん", "frequency": {"value": 4, "displayValue": "N4"}}],
	["数学", "freq", {"reading": "すうがく", "frequency": {"value": 4, "displayValue": "N4"}}],
	["スーツ", "freq", {"reading": "スーツ", "frequency": {"value": 4, "displayValue": "N4"}}],
	["スーツケース", "freq", {"reading": "スーツケース", "frequency": {"value": 4, "displayValue": "N4"}}],
	["過ぎる", "freq", {"reading": "すぎる", "frequency": {"value": 4, "displayValue": "N4"}}],
	["空く", "freq", {"reading": "すく", "frequency": {"value": 4, "displayValue": "N4"}}],
	["スクリーン", "freq", {"reading": "スクリーン", "frequency": {"value": 4, "displayValue": "N4"}}],
	["凄い", "freq", {"reading": "すごい", "frequency": {"value": 4, "displayValue": "N4"}}],
	["進む", "freq", {"reading": "すすむ", "frequency": {"value": 4, "displayValue": "N4"}}],
	["すっかり", "freq", {"reading": "すっかり", "frequency": {"value": 4, "displayValue": "N4"}}],
	["すっと", "freq", {"reading": "すっと", "frequency": {"value": 4, "displayValue": "N4"}}],
	["ステーキ", "freq", {"reading": "ステーキ", "frequency": {"value": 4, "displayValue": "N4"}}],
	["捨てる", "freq", {"reading": "すてる", "frequency": {"value": 4, "displayValue": "N4"}}],
	["ステレオ", "freq", {"reading": "ステレオ", "frequency": {"value": 4, "displayValue": "N4"}}],
	["砂", "freq", {"reading": "すな", "frequency": {"value": 4, "displayValue": "N4"}}],
	["素晴らしい", "freq", {"reading": "すばらしい", "frequency": {"value": 4, "displayValue": "N4"}}],
	["滑る", "freq", {"reading": "すべる", "frequency": {"value": 4, "displayValue": "N4"}}],
	["隅", "freq", {"reading": "すみ", "frequency": {"value": 4, "displayValue": "N4"}}],
	["済む", "freq", {"reading": "すむ", "frequency": {"value": 4, "displayValue": "N4"}}],
	["すり", "freq", {"reading": "すり", "frequency": {"value": 4, "displayValue": "N4"}}],
	["すると", "freq", {"reading": "すると", "frequency": {"value": 4, "displayValue": "N4"}}],
	["生活", "freq", {"reading": "せいかつ", "frequency": {"value": 4, "displayValue": "N4"}}],
	["生産", "freq", {"reading": "せいさん", "frequency": {"value": 4, "displayValue": "N4"}}],
	["政治", "freq", {"reading": "せいじ", "frequency": {"value": 4, "displayValue": "N4"}}],
	["西洋", "freq", {"reading": "せいよう", "frequency": {"value": 4, "displayValue": "N4"}}],
	["世界", "freq", {"reading": "せかい", "frequency": {"value": 4, "displayValue": "N4"}}],
	["席", "freq", {"reading": "せき", "frequency": {"value": 4, "displayValue": "N4"}}],
	["説明", "freq", {"reading": "せつめい", "frequency": {"value": 4, "displayValue": "N4"}}],
	["背中", "freq", {"reading": "せなか", "frequency": {"value": 4, "displayValue": "N4"}}],
	["是非", "freq", {"reading": "ぜひ", "frequency": {"value": 4, "displayValue": "N4"}}],
	["世話", "freq", {"reading": "せわ", "frequency": {"value": 4, "displayValue": "N4"}}],
	["線", "freq", {"reading": "せん", "frequency": {"value": 4, "displayValue": "N4"}}],
	["全然", "freq", {"reading": "ぜんぜん", "frequency": {"value": 4, "displayValue": "N4"}}],
	["戦争", "freq", {"reading": "せんそう", "frequency": {"value": 4, "displayValue": "N4"}}],
	["先輩", "freq", {"reading": "せんぱい", "frequency": {"value": 4, "displayValue": "N4"}}],
	["そう", "freq", {"reading": "そう", "frequency": {"value": 4, "displayValue": "N4"}}],
	["相談", "freq", {"reading": "そうだん", "frequency": {"value": 4, "displayValue": "N4"}}],
	["育てる", "freq", {"reading": "そだてる", "frequency": {"value": 4, "displayValue": "N4"}}],
	["卒業", "freq", {"reading": "そつぎょう", "frequency": {"value": 4, "displayValue": "N4"}}],
	["祖父", "freq", {"reading": "そふ", "frequency": {"value": 4, "displayValue": "N4"}}],
	["ソフト", "freq", {"reading": "ソフト", "frequency": {"value": 4, "displayValue": "N4"}}],
	["祖母", "freq", {"reading": "そぼ", "frequency": {"value": 4, "displayValue": "N4"}}],
	["それで", "freq", {"reading": "それで", "frequency": {"value": 4, "displayValue": "N4"}}],
	["それに", "freq", {"reading": "それに", "frequency": {"value": 4, "displayValue": "N4"}}],
	["それ程", "freq", {"reading": "それほど", "frequency": {"value": 4, "displayValue": "N4"}}],
	["其れ程", "freq", {"reading": "それほど", "frequency": {"value": 4, "displayValue": "N4"}}],
	["そろそろ", "freq", {"reading": "そろそろ", "frequency": {"value": 4, "displayValue": "N4"}}],
	["そんな", "freq", {"reading": "そんな", "frequency": {"value": 4, "displayValue": "N4"}}],
	["そんなに", "freq", {"reading": "そんなに", "frequency": {"value": 4, "displayValue": "N4"}}],
	["退院", "freq", {"reading": "たいいん", "frequency": {"value": 4, "displayValue": "N4"}}],
	["大学生", "freq", {"reading": "だいがくせい", "frequency": {"value": 4, "displayValue": "N4"}}],
	["大事", "freq", {"reading": "だいじ", "frequency": {"value": 4, "displayValue": "N4"}}],
	["大体", "freq", {"reading": "だいたい", "frequency": {"value": 4, "displayValue": "N4"}}],
	["大抵", "freq", {"reading": "たいてい", "frequency": {"value": 4, "displayValue": "N4"}}],
	["タイプ", "freq", {"reading": "タイプ", "frequency": {"value": 4, "displayValue": "N4"}}],
	["大分", "freq", {"reading": "だいぶ", "frequency": {"value": 4, "displayValue": "N4"}}],
	["台風", "freq", {"reading": "たいふう", "frequency": {"value": 4, "displayValue": "N4"}}],
	["倒れる", "freq", {"reading": "たおれる", "frequency": {"value": 4, "displayValue": "N4"}}],
	["だから", "freq", {"reading": "だから", "frequency": {"value": 4, "displayValue": "N4"}}],
	["確か", "freq", {"reading": "たしか", "frequency": {"value": 4, "displayValue": "N4"}}],
	["足す", "freq", {"reading": "たす", "frequency": {"value": 4, "displayValue": "N4"}}],
	["訪ねる", "freq", {"reading": "たずねる", "frequency": {"value": 4, "displayValue": "N4"}}],
	["尋ねる", "freq", {"reading": "たずねる", "frequency": {"value": 4, "displayValue": "N4"}}],
	["正しい", "freq", {"reading": "ただしい", "frequency": {"value": 4, "displayValue": "N4"}}],
	["畳", "freq", {"reading": "たたみ", "frequency": {"value": 4, "displayValue": "N4"}}],
	["立てる", "freq", {"reading": "たてる", "frequency": {"value": 4, "displayValue": "N4"}}],
	["建てる", "freq", {"reading": "たてる", "frequency": {"value": 4, "displayValue": "N4"}}],
	["例えば", "freq", {"reading": "たとえば", "frequency": {"value": 4, "displayValue": "N4"}}],
	["棚", "freq", {"reading": "たな", "frequency": {"value": 4, "displayValue": "N4"}}],
	["楽しみ", "freq", {"reading": "たのしみ", "frequency": {"value": 4, "displayValue": "N4"}}],
	["楽しむ", "freq", {"reading": "たのしむ", "frequency": {"value": 4, "displayValue": "N4"}}],
	["たまに", "freq", {"reading": "たまに", "frequency": {"value": 4, "displayValue": "N4"}}],
	["為", "freq", {"reading": "ため", "frequency": {"value": 4, "displayValue": "N4"}}],
	["駄目", "freq", {"reading": "だめ", "frequency": {"value": 4, "displayValue": "N4"}}],
	["足りる", "freq", {"reading": "たりる", "frequency": {"value": 4, "displayValue": "N4"}}],
	["男性", "freq", {"reading": "だんせい", "frequency": {"value": 4, "displayValue": "N4"}}],
	["暖房", "freq", {"reading": "だんぼう", "frequency": {"value": 4, "displayValue": "N4"}}],
	["血", "freq", {"reading": "ち", "frequency": {"value": 4, "displayValue": "N4"}}],
	["チェック", "freq", {"reading": "チェック", "frequency": {"value": 4, "displayValue": "N4"}}],
	["力", "freq", {"reading": "ちから", "frequency": {"value": 4, "displayValue": "N4"}}],
	["ちっとも", "freq", {"reading": "ちっとも", "frequency": {"value": 4, "displayValue": "N4"}}],
	["ちゃん", "freq", {"reading": "ちゃん", "frequency": {"value": 4, "displayValue": "N4"}}],
	["注意", "freq", {"reading": "ちゅうい", "frequency": {"value": 4, "displayValue": "N4"}}],
	["中学校", "freq", {"reading": "ちゅうがっこう", "frequency": {"value": 4, "displayValue": "N4"}}],
	["注射", "freq", {"reading": "ちゅうしゃ", "frequency": {"value": 4, "displayValue": "N4"}}],
	["駐車場", "freq", {"reading": "ちゅうしゃじょう", "frequency": {"value": 4, "displayValue": "N4"}}],
	["地理", "freq", {"reading": "ちり", "frequency": {"value": 4, "displayValue": "N4"}}],
	["捕まえる", "freq", {"reading": "つかまえる", "frequency": {"value": 4, "displayValue": "N4"}}],
	["月", "freq", {"reading": "つき", "frequency": {"value": 4, "displayValue": "N4"}}],
	["付く", "freq", {"reading": "つく", "frequency": {"value": 4, "displayValue": "N4"}}],
	["漬ける", "freq", {"reading": "つける", "frequency": {"value": 4, "displayValue": "N4"}}],
	["都合", "freq", {"reading": "つごう", "frequency": {"value": 4, "displayValue": "N4"}}],
	["伝える", "freq", {"reading": "つたえる", "frequency": {"value": 4, "displayValue": "N4"}}],
	["続く", "freq", {"reading": "つづく", "frequency": {"value": 4, "displayValue": "N4"}}],
	["続ける", "freq", {"reading": "つづける", "frequency": {"value": 4, "displayValue": "N4"}}],
	["包む", "freq", {"reading": "つつむ", "frequency": {"value": 4, "displayValue": "N4"}}],
	["妻", "freq", {"reading": "つま", "frequency": {"value": 4, "displayValue": "N4"}}],
	["つもり", "freq", {"reading": "つもり", "frequency": {"value": 4, "displayValue": "N4"}}],
	["釣る", "freq", {"reading": "つる", "frequency": {"value": 4, "displayValue": "N4"}}],
	["連れる", "freq", {"reading": "つれる", "frequency": {"value": 4, "displayValue": "N4"}}],
	["丁寧", "freq", {"reading": "ていねい", "frequency": {"value": 4, "displayValue": "N4"}}],
	["テキスト", "freq", {"reading": "テキスト", "frequency": {"value": 4, "displayValue": "N4"}}],
	["適当", "freq", {"reading": "てきとう", "frequency": {"value": 4, "displayValue": "N4"}}],
	["出来るだけ", "freq", {"reading": "できるだけ", "frequency": {"value": 4, "displayValue": "N4"}}],
	["手伝う", "freq", {"reading": "てつだう", "frequency": {"value": 4, "displayValue": "N4"}}],
	["テニス", "freq", {"reading": "テニス", "frequency": {"value": 4, "displayValue": "N4"}}],
	["手袋", "freq", {"reading": "てぶくろ", "frequency": {"value": 4, "displayValue": "N4"}}],
	["寺", "freq", {"reading": "てら", "frequency": {"value": 4, "displayValue": "N4"}}],
	["点", "freq", {"reading": "てん", "frequency": {"value": 4, "displayValue": "N4"}}],
	["店員", "freq", {"reading": "てんいん", "frequency": {"value": 4, "displayValue": "N4"}}],
	["天気予報", "freq", {"reading": "てんきよほう", "frequency": {"value": 4, "displayValue": "N4"}}],
	["電灯", "freq", {"reading": "でんとう", "frequency": {"value": 4, "displayValue": "N4"}}],
	["電報", "freq", {"reading": "でんぽう", "frequency": {"value": 4, "displayValue": "N4"}}],
	["展覧会", "freq", {"reading": "てんらんかい", "frequency": {"value": 4, "displayValue": "N4"}}],
	["都", "freq", {"reading": "と", "frequency": {"value": 4, "displayValue": "N4"}}],
	["道具", "freq", {"reading": "どうぐ", "frequency": {"value": 4, "displayValue": "N4"}}],
	["とうとう", "freq", {"reading": "とうとう", "frequency": {"value": 4, "displayValue": "N4"}}],
	["動物園", "freq", {"reading": "どうぶつえん", "frequency": {"value": 4, "displayValue": "N4"}}],
	["遠く", "freq", {"reading": "とおく", "frequency": {"value": 4, "displayValue": "N4"}}],
	["通る", "freq", {"reading": "とおる", "frequency": {"value": 4, "displayValue": "N4"}}],
	["特に", "freq", {"reading": "とくに", "frequency": {"value": 4, "displayValue": "N4"}}],
	["特別", "freq", {"reading": "とくべつ", "frequency": {"value": 4, "displayValue": "N4"}}],
	["床屋", "freq", {"reading": "とこや", "frequency": {"value": 4, "displayValue": "N4"}}],
	["途中", "freq", {"reading": "とちゅう", "frequency": {"value": 4, "displayValue": "N4"}}],
	["特急", "freq", {"reading": "とっきゅう", "frequency": {"value": 4, "displayValue": "N4"}}],
	["届ける", "freq", {"reading": "とどける", "frequency": {"value": 4, "displayValue": "N4"}}],
	["泊まる", "freq", {"reading": "とまる", "frequency": {"value": 4, "displayValue": "N4"}}],
	["止める", "freq", {"reading": "とめる", "frequency": {"value": 4, "displayValue": "N4"}}],
	["取り替える", "freq", {"reading": "とりかえる", "frequency": {"value": 4, "displayValue": "N4"}}],
	["泥棒", "freq", {"reading": "どろぼう", "frequency": {"value": 4, "displayValue": "N4"}}],
	["どんどん", "freq", {"reading": "どんどん", "frequency": {"value": 4, "displayValue": "N4"}}],
	["直す", "freq", {"reading": "なおす", "frequency": {"value": 4, "displayValue": "N4"}}],
	["直る", "freq", {"reading": "なおる", "frequency": {"value": 4, "displayValue": "N4"}}],
	["治る", "freq", {"reading": "なおる", "frequency": {"value": 4, "displayValue": "N4"}}],
	["中々", "freq", {"reading": "なかなか", "frequency": {"value": 4, "displayValue": "N4"}}],
	["泣く", "freq", {"reading": "なく", "frequency": {"value": 4, "displayValue": "N4"}}],
	["無くなる", "freq", {"reading": "なくなる", "frequency": {"value": 4, "displayValue": "N4"}}],
	["亡くなる", "freq", {"reading": "なくなる", "frequency": {"value": 4, "displayValue": "N4"}}],
	["投げる", "freq", {"reading": "なげる", "frequency": {"value": 4, "displayValue": "N4"}}],
	["為さる", "freq", {"reading": "なさる", "frequency": {"value": 4, "displayValue": "N4"}}],
	["鳴る", "freq", {"reading": "なる", "frequency": {"value": 4, "displayValue": "N4"}}],
	["成るべく", "freq", {"reading": "なるべく", "frequency": {"value": 4, "displayValue": "N4"}}],
	["なるほど", "freq", {"reading": "なるほど", "frequency": {"value": 4, "displayValue": "N4"}}],
	["慣れる", "freq", {"reading": "なれる", "frequency": {"value": 4, "displayValue": "N4"}}],
	["匂い", "freq", {"reading": "におい", "frequency": {"value": 4, "displayValue": "N4"}}],
	["苦い", "freq", {"reading": "にがい", "frequency": {"value": 4, "displayValue": "N4"}}],
	["二階建て", "freq", {"reading": "にかいだて", "frequency": {"value": 4, "displayValue": "N4"}}],
	["逃げる", "freq", {"reading": "にげる", "frequency": {"value": 4, "displayValue": "N4"}}],
	["日記", "freq", {"reading": "にっき", "frequency": {"value": 4, "displayValue": "N4"}}],
	["入院", "freq", {"reading": "にゅういん", "frequency": {"value": 4, "displayValue": "N4"}}],
	["入学", "freq", {"reading": "にゅうがく", "frequency": {"value": 4, "displayValue": "N4"}}],
	["似る", "freq", {"reading": "にる", "frequency": {"value": 4, "displayValue": "N4"}}],
	["人形", "freq", {"reading": "にんぎょう", "frequency": {"value": 4, "displayValue": "N4"}}],
	["盗む", "freq", {"reading": "ぬすむ", "frequency": {"value": 4, "displayValue": "N4"}}],
	["塗る", "freq", {"reading": "ぬる", "frequency": {"value": 4, "displayValue": "N4"}}],
	["濡れる", "freq", {"reading": "ぬれる", "frequency": {"value": 4, "displayValue": "N4"}}],
	["値段", "freq", {"reading": "ねだん", "frequency": {"value": 4, "displayValue": "N4"}}],
	["熱", "freq", {"reading": "ねつ", "frequency": {"value": 4, "displayValue": "N4"}}],
	["熱心", "freq", {"reading": "ねっしん", "frequency": {"value": 4, "displayValue": "N4"}}],
	["寝坊", "freq", {"reading": "ねぼう", "frequency": {"value": 4, "displayValue": "N4"}}],
	["眠い", "freq", {"reading": "ねむい", "frequency": {"value": 4, "displayValue": "N4"}}],
	["眠る", "freq", {"reading": "ねむる", "frequency": {"value": 4, "displayValue": "N4"}}],
	["残る", "freq", {"reading": "のこる", "frequency": {"value": 4, "displayValue": "N4"}}],
	["喉", "freq", {"reading": "のど", "frequency": {"value": 4, "displayValue": "N4"}}],
	["乗り換える", "freq", {"reading": "のりかえる", "frequency": {"value": 4, "displayValue": "N4"}}],
	["乗り物", "freq", {"reading": "のりもの", "frequency": {"value": 4, "displayValue": "N4"}}],
	["葉", "freq", {"reading": "は", "frequency": {"value": 4, "displayValue": "N4"}}],
	["場合", "freq", {"reading": "ばあい", "frequency": {"value": 4, "displayValue": "N4"}}],
	["パート", "freq", {"reading": "パート", "frequency": {"value": 4, "displayValue": "N4"}}],
	["倍", "freq", {"reading": "ばい", "frequency": {"value": 4, "displayValue": "N4"}}],
	["拝見", "freq", {"reading": "はいけん", "frequency": {"value": 4, "displayValue": "N4"}}],
	["歯医者", "freq", {"reading": "はいしゃ", "frequency": {"value": 4, "displayValue": "N4"}}],
	["運ぶ", "freq", {"reading": "はこぶ", "frequency": {"value": 4, "displayValue": "N4"}}],
	["始める", "freq", {"reading": "はじめる", "frequency": {"value": 4, "displayValue": "N4"}}],
	["場所", "freq", {"reading": "ばしょ", "frequency": {"value": 4, "displayValue": "N4"}}],
	["筈", "freq", {"reading": "はず", "frequency": {"value": 4, "displayValue": "N4"}}],
	["恥ずかしい", "freq", {"reading": "はずかしい", "frequency": {"value": 4, "displayValue": "N4"}}],
	["パソコン", "freq", {"reading": "パソコン", "frequency": {"value": 4, "displayValue": "N4"}}],
	["発音", "freq", {"reading": "はつおん", "frequency": {"value": 4, "displayValue": "N4"}}],
	["はっきり", "freq", {"reading": "はっきり", "frequency": {"value": 4, "displayValue": "N4"}}],
	["花見", "freq", {"reading": "はなみ", "frequency": {"value": 4, "displayValue": "N4"}}],
	["林", "freq", {"reading": "はやし", "frequency": {"value": 4, "displayValue": "N4"}}],
	["払う", "freq", {"reading": "はらう", "frequency": {"value": 4, "displayValue": "N4"}}],
	["番組", "freq", {"reading": "ばんぐみ", "frequency": {"value": 4, "displayValue": "N4"}}],
	["反対", "freq", {"reading": "はんたい", "frequency": {"value": 4, "displayValue": "N4"}}],
	["ハンドバッグ", "freq", {"reading": "ハンドバッグ", "frequency": {"value": 4, "displayValue": "N4"}}],
	["日", "freq", {"reading": "ひ", "frequency": {"value": 4, "displayValue": "N4"}}],
	["火", "freq", {"reading": "ひ", "frequency": {"value": 4, "displayValue": "N4"}}],
	["ピアノ", "freq", {"reading": "ピアノ", "frequency": {"value": 4, "displayValue": "N4"}}],
	["冷える", "freq", {"reading": "ひえる", "frequency": {"value": 4, "displayValue": "N4"}}],
	["光", "freq", {"reading": "ひかり", "frequency": {"value": 4, "displayValue": "N4"}}],
	["光る", "freq", {"reading": "ひかる", "frequency": {"value": 4, "displayValue": "N4"}}],
	["引き出し", "freq", {"reading": "ひきだし", "frequency": {"value": 4, "displayValue": "N4"}}],
	["引き出す", "freq", {"reading": "ひきだす", "frequency": {"value": 4, "displayValue": "N4"}}],
	["髭", "freq", {"reading": "ひげ", "frequency": {"value": 4, "displayValue": "N4"}}],
	["飛行場", "freq", {"reading": "ひこうじょう", "frequency": {"value": 4, "displayValue": "N4"}}],
	["久しぶり", "freq", {"reading": "ひさしぶり", "frequency": {"value": 4, "displayValue": "N4"}}],
	["美術館", "freq", {"reading": "びじゅつかん", "frequency": {"value": 4, "displayValue": "N4"}}],
	["非常に", "freq", {"reading": "ひじょうに", "frequency": {"value": 4, "displayValue": "N4"}}],
	["びっくり", "freq", {"reading": "びっくり", "frequency": {"value": 4, "displayValue": "N4"}}],
	["引っ越す", "freq", {"reading": "ひっこす", "frequency": {"value": 4, "displayValue": "N4"}}],
	["必要", "freq", {"reading": "ひつよう", "frequency": {"value": 4, "displayValue": "N4"}}],
	["酷い", "freq", {"reading": "ひどい", "frequency": {"value": 4, "displayValue": "N4"}}],
	["開く", "freq", {"reading": "ひらく", "frequency": {"value": 4, "displayValue": "N4"}}],
	["ビル", "freq", {"reading": "ビル", "frequency": {"value": 4, "displayValue": "N4"}}],
	["昼間", "freq", {"reading": "ひるま", "frequency": {"value": 4, "displayValue": "N4"}}],
	["昼休み", "freq", {"reading": "ひるやすみ", "frequency": {"value": 4, "displayValue": "N4"}}],
	["拾う", "freq", {"reading": "ひろう", "frequency": {"value": 4, "displayValue": "N4"}}],
	["ファックス", "freq", {"reading": "ファックス", "frequency": {"value": 4, "displayValue": "N4"}}],
	["増える", "freq", {"reading": "ふえる", "frequency": {"value": 4, "displayValue": "N4"}}],
	["深い", "freq", {"reading": "ふかい", "frequency": {"value": 4, "displayValue": "N4"}}],
	["複雑", "freq", {"reading": "ふくざつ", "frequency": {"value": 4, "displayValue": "N4"}}],
	["復習", "freq", {"reading": "ふくしゅう", "frequency": {"value": 4, "displayValue": "N4"}}],
	["部長", "freq", {"reading": "ぶちょう", "frequency": {"value": 4, "displayValue": "N4"}}],
	["普通", "freq", {"reading": "ふつう", "frequency": {"value": 4, "displayValue": "N4"}}],
	["葡萄", "freq", {"reading": "ぶどう", "frequency": {"value": 4, "displayValue": "N4"}}],
	["太る", "freq", {"reading": "ふとる", "frequency": {"value": 4, "displayValue": "N4"}}],
	["布団", "freq", {"reading": "ふとん", "frequency": {"value": 4, "displayValue": "N4"}}],
	["船", "freq", {"reading": "ふね", "frequency": {"value": 4, "displayValue": "N4"}}],
	["不便", "freq", {"reading": "ふべん", "frequency": {"value": 4, "displayValue": "N4"}}],
	["踏む", "freq", {"reading": "ふむ", "frequency": {"value": 4, "displayValue": "N4"}}],
	["降り出す", "freq", {"reading": "ふりだす", "frequency": {"value": 4, "displayValue": "N4"}}],
	["プレゼント", "freq", {"reading": "プレゼント", "frequency": {"value": 4, "displayValue": "N4"}}],
	["文化", "freq", {"reading": "ぶんか", "frequency": {"value": 4, "displayValue": "N4"}}],
	["文学", "freq", {"reading": "ぶんがく", "frequency": {"value": 4, "displayValue": "N4"}}],
	["文法", "freq", {"reading": "ぶんぽう", "frequency": {"value": 4, "displayValue": "N4"}}],
	["別", "freq", {"reading": "べつ", "frequency": {"value": 4, "displayValue": "N4"}}],
	["ベル", "freq", {"reading": "ベル", "frequency": {"value": 4, "displayValue": "N4"}}],
	["変", "freq", {"reading": "へん", "frequency": {"value": 4, "displayValue": "N4"}}],
	["返事", "freq", {"reading": "へんじ", "frequency": {"value": 4, "displayValue": "N4"}}],
	["貿易", "freq", {"reading": "ぼうえき", "frequency": {"value": 4, "displayValue": "N4"}}],
	["放送", "freq", {"reading": "ほうそう", "frequency": {"value": 4, "displayValue": "N4"}}],
	["法律", "freq", {"reading": "ほうりつ", "frequency": {"value": 4, "displayValue": "N4"}}],
	["僕", "freq", {"reading": "ぼく", "frequency": {"value": 4, "displayValue": "N4"}}],
	["星", "freq", {"reading": "ほし", "frequency": {"value": 4, "displayValue": "N4"}}],
	["程", "freq", {"reading": "ほど", "frequency": {"value": 4, "displayValue": "N4"}}],
	["殆ど", "freq", {"reading": "ほとんど", "frequency": {"value": 4, "displayValue": "N4"}}],
	["褒める", "freq", {"reading": "ほめる", "frequency": {"value": 4, "displayValue": "N4"}}],
	["翻訳", "freq", {"reading": "ほんやく", "frequency": {"value": 4, "displayValue": "N4"}}],
	["参る", "freq", {"reading": "まいる", "frequency": {"value": 4, "displayValue": "N4"}}],
	["負ける", "freq", {"reading": "まける", "frequency": {"value": 4, "displayValue": "N4"}}],
	["真面目", "freq", {"reading": "まじめ", "frequency": {"value": 4, "displayValue": "N4"}}],
	["先ず", "freq", {"reading": "まず", "frequency": {"value": 4, "displayValue": "N4"}}],
	["又は", "freq", {"reading": "または", "frequency": {"value": 4, "displayValue": "N4"}}],
	["間違える", "freq", {"reading": "まちがえる", "frequency": {"value": 4, "displayValue": "N4"}}],
	["間に合う", "freq", {"reading": "まにあう", "frequency": {"value": 4, "displayValue": "N4"}}],
	["周り", "freq", {"reading": "まわり", "frequency": {"value": 4, "displayValue": "N4"}}],
	["回る", "freq", {"reading": "まわる", "frequency": {"value": 4, "displayValue": "N4"}}],
	["漫画", "freq", {"reading": "まんが", "frequency": {"value": 4, "displayValue": "N4"}}],
	["真ん中", "freq", {"reading": "まんなか", "frequency": {"value": 4, "displayValue": "N4"}}],
	["見える", "freq", {"reading": "みえる", "frequency": {"value": 4, "displayValue": "N4"}}],
	["湖", "freq", {"reading": "みずうみ", "frequency": {"value": 4, "displayValue": "N4"}}],
	["味噌", "freq", {"reading": "みそ", "frequency": {"value": 4, "displayValue": "N4"}}],
	["見つかる", "freq", {"reading": "みつかる", "frequency": {"value": 4, "displayValue": "N4"}}],
	["見つける", "freq", {"reading": "みつける", "frequency": {"value": 4, "displayValue": "N4"}}],
	["皆", "freq", {"reading": "みな", "frequency": {"value": 4, "displayValue": "N4"}}],
	["港", "freq", {"reading": "みなと", "frequency": {"value": 4, "displayValue": "N4"}}],
	["向かう", "freq", {"reading": "むかう", "frequency": {"value": 4, "displayValue": "N4"}}],
	["迎える", "freq", {"reading": "むかえる", "frequency": {"value": 4, "displayValue": "N4"}}],
	["昔", "freq", {"reading": "むかし", "frequency": {"value": 4, "displayValue": "N4"}}],
	["虫", "freq", {"reading": "むし", "frequency": {"value": 4, "displayValue": "N4"}}],
	["息子", "freq", {"reading": "むすこ", "frequency": {"value": 4, "displayValue": "N4"}}],
	["娘", "freq", {"reading": "むすめ", "frequency": {"value": 4, "displayValue": "N4"}}],
	["無理", "freq", {"reading": "むり", "frequency": {"value": 4, "displayValue": "N4"}}],
	["召し上がる", "freq", {"reading": "めしあがる", "frequency": {"value": 4, "displayValue": "N4"}}],
	["珍しい", "freq", {"reading": "めずらしい", "frequency": {"value": 4, "displayValue": "N4"}}],
	["申し上げる", "freq", {"reading": "もうしあげる", "frequency": {"value": 4, "displayValue": "N4"}}],
	["申す", "freq", {"reading": "もうす", "frequency": {"value": 4, "displayValue": "N4"}}],
	["もうすぐ", "freq", {"reading": "もうすぐ", "frequency": {"value": 4, "displayValue": "N4"}}],
	["もし", "freq", {"reading": "もし", "frequency": {"value": 4, "displayValue": "N4"}}],
	["勿論", "freq", {"reading": "もちろん", "frequency": {"value": 4, "displayValue": "N4"}}],
	["最も", "freq", {"reading": "もっとも", "frequency": {"value": 4, "displayValue": "N4"}}],
	["戻る", "freq", {"reading": "もどる", "frequency": {"value": 4, "displayValue": "N4"}}],
	["木綿", "freq", {"reading": "もめん", "frequency": {"value": 4, "displayValue": "N4"}}],
	["貰う", "freq", {"reading": "もらう", "frequency": {"value": 4, "displayValue": "N4"}}],
	["森", "freq", {"reading": "もり", "frequency": {"value": 4, "displayValue": "N4"}}],
	["焼く", "freq", {"reading": "やく", "frequency": {"value": 4, "displayValue": "N4"}}],
	["約束", "freq", {"reading": "やくそく", "frequency": {"value": 4, "displayValue": "N4"}}],
	["役に立つ", "freq", {"reading": "やくにたつ", "frequency": {"value": 4, "displayValue": "N4"}}],
	["焼ける", "freq", {"reading": "やける", "frequency": {"value": 4, "displayValue": "N4"}}],
	["優しい", "freq", {"reading": "やさしい", "frequency": {"value": 4, "displayValue": "N4"}}],
	["痩せる", "freq", {"reading": "やせる", "frequency": {"value": 4, "displayValue": "N4"}}],
	["やっと", "freq", {"reading": "やっと", "frequency": {"value": 4, "displayValue": "N4"}}],
	["やはり", "freq", {"reading": "やはり", "frequency": {"value": 4, "displayValue": "N4"}}],
	["やっぱり", "freq", {"reading": "やっぱり", "frequency": {"value": 4, "displayValue": "N4"}}],
	["止む", "freq", {"reading": "やむ", "frequency": {"value": 4, "displayValue": "N4"}}],
	["止める", "freq", {"reading": "やめる", "frequency": {"value": 4, "displayValue": "N4"}}],
	["柔らかい", "freq", {"reading": "やわらかい", "frequency": {"value": 4, "displayValue": "N4"}}],
	["湯", "freq", {"reading": "ゆ", "frequency": {"value": 4, "displayValue": "N4"}}],
	["輸出", "freq", {"reading": "ゆしゅつ", "frequency": {"value": 4, "displayValue": "N4"}}],
	["輸入", "freq", {"reading": "ゆにゅう", "frequency": {"value": 4, "displayValue": "N4"}}],
	["指", "freq", {"reading": "ゆび", "frequency": {"value": 4, "displayValue": "N4"}}],
	["指輪", "freq", {"reading": "ゆびわ", "frequency": {"value": 4, "displayValue": "N4"}}],
	["夢", "freq", {"reading": "ゆめ", "frequency": {"value": 4, "displayValue": "N4"}}],
	["揺れる", "freq", {"reading": "ゆれる", "frequency": {"value": 4, "displayValue": "N4"}}],
	["用", "freq", {"reading": "よう", "frequency": {"value": 4, "displayValue": "N4"}}],
	["用意", "freq", {"reading": "ようい", "frequency": {"value": 4, "displayValue": "N4"}}],
	["用事", "freq", {"reading": "ようじ", "frequency": {"value": 4, "displayValue": "N4"}}],
	["汚れる", "freq", {"reading": "よごれる", "frequency": {"value": 4, "displayValue": "N4"}}],
	["予習", "freq", {"reading": "よしゅう", "frequency": {"value": 4, "displayValue": "N4"}}],
	["予定", "freq", {"reading": "よてい", "frequency": {"value": 4, "displayValue": "N4"}}],
	["予約", "freq", {"reading": "よやく", "frequency": {"value": 4, "displayValue": "N4"}}],
	["寄る", "freq", {"reading": "よる", "frequency": {"value": 4, "displayValue": "N4"}}],
	["喜ぶ", "freq", {"reading": "よろこぶ", "frequency": {"value": 4, "displayValue": "N4"}}],
	["宜しい", "freq", {"reading": "よろしい", "frequency": {"value": 4, "displayValue": "N4"}}],
	["理由", "freq", {"reading": "りゆう", "frequency": {"value": 4, "displayValue": "N4"}}],
	["利用", "freq", {"reading": "りよう", "frequency": {"value": 4, "displayValue": "N4"}}],
	["両方", "freq", {"reading": "りょうほう", "frequency": {"value": 4, "displayValue": "N4"}}],
	["旅館", "freq", {"reading": "りょかん", "frequency": {"value": 4, "displayValue": "N4"}}],
	["留守", "freq", {"reading": "るす", "frequency": {"value": 4, "displayValue": "N4"}}],
	["冷房", "freq", {"reading": "れいぼう", "frequency": {"value": 4, "displayValue": "N4"}}],
	["歴史", "freq", {"reading": "れきし", "frequency": {"value": 4, "displayValue": "N4"}}],
	["レジ", "freq", {"reading": "レジ", "frequency": {"value": 4, "displayValue": "N4"}}],
	["レポート", "freq", {"reading": "レポート", "frequency": {"value": 4, "displayValue": "N4"}}],
	["リポート", "freq", {"reading": "リポート", "frequency": {"value": 4, "displayValue": "N4"}}],
	["連絡", "freq", {"reading": "れんらく", "frequency": {"value": 4, "displayValue": "N4"}}],
	["ワープロ", "freq", {"reading": "ワープロ", "frequency": {"value": 4, "displayValue": "N4"}}],
	["沸かす", "freq", {"reading": "わかす", "frequency": {"value": 4, "displayValue": "N4"}}],
	["別れる", "freq", {"reading": "わかれる", "frequency": {"value": 4, "displayValue": "N4"}}],
	["沸く", "freq", {"reading": "わく", "frequency": {"value": 4, "displayValue": "N4"}}],
	["訳", "freq", {"reading": "わけ", "frequency": {"value": 4, "displayValue": "N4"}}],
	["忘れ物", "freq", {"reading": "わすれもの", "frequency": {"value": 4, "displayValue": "N4"}}],
	["笑う", "freq", {"reading": "わらう", "frequency": {"value": 4, "displayValue": "N4"}}],
	["割合", "freq", {"reading": "わりあい", "frequency": {"value": 4, "displayValue": "N4"}}],
	["割れる", "freq", {"reading": "われる", "frequency": {"value": 4, "displayValue": "N4"}}],
	["泳ぎ方", "freq", {"reading": "およぎかた", "frequency": {"value": 4, "displayValue": "N4"}}]
]